PERCENTAGE OF VISITS FOR INFLUENZA-LIKE-ILLNESS REPORTED BY SENTINEL PROVIDERS
REGION TYPE,REGION,YEAR,WEEK,% WEIGHTED ILI,%UNWEIGHTED ILI,AGE 0-4,AGE 25-49,AGE 25-64,AGE 5-24,AGE 50-64,AGE 65,ILITOTAL,NUM. OF PROVIDERS,TOTAL PATIENTS
States,New York,2010,40,X,0.26299,X,X,X,X,X,X,37,91,14069
States,New York,2010,41,X,0.369729,X,X,X,X,X,X,47,89,12712
States,New York,2010,42,X,0.362121,X,X,X,X,X,X,53,95,14636
States,New York,2010,43,X,0.358981,X,X,X,X,X,X,53,98,14764
States,New York,2010,44,X,0.527357,X,X,X,X,X,X,80,104,15170
States,New York,2010,45,X,0.504756,X,X,X,X,X,X,78,105,15453
States,New York,2010,46,X,0.503441,X,X,X,X,X,X,79,107,15692
States,New York,2010,47,X,0.54919,X,X,X,X,X,X,58,104,10561
States,New York,2010,48,X,1.62591,X,X,X,X,X,X,244,105,15007
States,New York,2010,49,X,2.1629,X,X,X,X,X,X,303,103,14009
States,New York,2010,50,X,2.68099,X,X,X,X,X,X,357,102,13316
States,New York,2010,51,X,3.84844,X,X,X,X,X,X,388,103,10082
States,New York,2010,52,X,4.19925,X,X,X,X,X,X,349,100,8311
States,New York,2011,1,X,2.87699,X,X,X,X,X,X,352,101,12235
States,New York,2011,2,X,3.45107,X,X,X,X,X,X,383,101,11098
States,New York,2011,3,X,3.07852,X,X,X,X,X,X,356,103,11564
States,New York,2011,4,X,3.35509,X,X,X,X,X,X,437,104,13025
States,New York,2011,5,X,4.04412,X,X,X,X,X,X,528,100,13056
States,New York,2011,6,X,3.89805,X,X,X,X,X,X,572,96,14674
States,New York,2011,7,X,4.03668,X,X,X,X,X,X,537,88,13303
States,New York,2011,8,X,3.74332,X,X,X,X,X,X,420,88,11220
States,New York,2011,9,X,2.72493,X,X,X,X,X,X,328,85,12037
States,New York,2011,10,X,2.7215,X,X,X,X,X,X,313,85,11501
States,New York,2011,11,X,3.02193,X,X,X,X,X,X,339,83,11218
States,New York,2011,12,X,2.3114,X,X,X,X,X,X,254,85,10989
States,New York,2011,13,X,2.02105,X,X,X,X,X,X,242,82,11974
States,New York,2011,14,X,2.22854,X,X,X,X,X,X,251,80,11263
States,New York,2011,15,X,2.3652,X,X,X,X,X,X,236,78,9978
States,New York,2011,16,X,2.23407,X,X,X,X,X,X,197,77,8818
States,New York,2011,17,X,1.35642,X,X,X,X,X,X,123,72,9068
States,New York,2011,18,X,1.66576,X,X,X,X,X,X,153,78,9185
States,New York,2011,19,X,1.72106,X,X,X,X,X,X,164,74,9529
States,New York,2011,20,X,0.703443,X,X,X,X,X,X,57,73,8103
States,New York,2011,21,X,1.56349,X,X,X,X,X,X,99,61,6332
States,New York,2011,22,X,1.77814,X,X,X,X,X,X,88,62,4949
States,New York,2011,23,X,0.14752,X,X,X,X,X,X,8,60,5423
States,New York,2011,24,X,0.0909091,X,X,X,X,X,X,5,60,5500
States,New York,2011,25,X,0.134901,X,X,X,X,X,X,7,60,5189
States,New York,2011,26,X,0.13616,X,X,X,X,X,X,7,60,5141
States,New York,2011,27,X,0.0538358,X,X,X,X,X,X,2,59,3715
States,New York,2011,28,X,0.0580608,X,X,X,X,X,X,3,60,5167
States,New York,2011,29,X,0.145591,X,X,X,X,X,X,7,60,4808
States,New York,2011,30,X,0.137255,X,X,X,X,X,X,7,60,5100
States,New York,2011,31,X,0.17105,X,X,X,X,X,X,8,59,4677
States,New York,2011,32,X,0.125418,X,X,X,X,X,X,6,59,4784
States,New York,2011,33,X,0.131926,X,X,X,X,X,X,7,59,5306
States,New York,2011,34,X,0.0888099,X,X,X,X,X,X,6,59,6756
States,New York,2011,35,X,0.157159,X,X,X,X,X,X,10,51,6363
States,New York,2011,36,X,0.152759,X,X,X,X,X,X,8,51,5237
States,New York,2011,37,X,0.127805,X,X,X,X,X,X,9,51,7042
States,New York,2011,38,X,0.282595,X,X,X,X,X,X,22,52,7785
States,New York,2011,39,X,0.323494,X,X,X,X,X,X,24,54,7419
States,New York,2011,40,X,0.532345,X,X,X,X,X,X,79,108,14840
States,New York,2011,41,X,0.553468,X,X,X,X,X,X,81,107,14635
States,New York,2011,42,X,0.440685,X,X,X,X,X,X,62,101,14069
States,New York,2011,43,X,0.41135,X,X,X,X,X,X,59,98,14343
States,New York,2011,44,X,0.527118,X,X,X,X,X,X,83,109,15746
States,New York,2011,45,X,0.399433,X,X,X,X,X,X,62,109,15522
States,New York,2011,46,X,0.443537,X,X,X,X,X,X,63,99,14204
States,New York,2011,47,X,0.36716,X,X,X,X,X,X,36,99,9805
States,New York,2011,48,X,0.61654,X,X,X,X,X,X,87,97,14111
States,New York,2011,49,X,0.696024,X,X,X,X,X,X,101,100,14511
States,New York,2011,50,X,0.58086,X,X,X,X,X,X,82,101,14117
States,New York,2011,51,X,0.491337,X,X,X,X,X,X,57,102,11601
States,New York,2011,52,X,0.455005,X,X,X,X,X,X,36,96,7912
States,New York,2012,1,X,0.657054,X,X,X,X,X,X,72,103,10958
States,New York,2012,2,X,0.719363,X,X,X,X,X,X,84,100,11677
States,New York,2012,3,X,0.6694,X,X,X,X,X,X,80,102,11951
States,New York,2012,4,X,0.509789,X,X,X,X,X,X,69,100,13535
States,New York,2012,5,X,0.593152,X,X,X,X,X,X,88,106,14836
States,New York,2012,6,X,0.508223,X,X,X,X,X,X,72,105,14167
States,New York,2012,7,X,0.586107,X,X,X,X,X,X,81,103,13820
States,New York,2012,8,X,0.988678,X,X,X,X,X,X,124,102,12542
States,New York,2012,9,X,0.785869,X,X,X,X,X,X,109,104,13870
States,New York,2012,10,X,0.745669,X,X,X,X,X,X,102,106,13679
States,New York,2012,11,X,0.996782,X,X,X,X,X,X,127,103,12741
States,New York,2012,12,X,0.686682,X,X,X,X,X,X,86,96,12524
States,New York,2012,13,X,0.598435,X,X,X,X,X,X,78,96,13034
States,New York,2012,14,X,0.796178,X,X,X,X,X,X,95,99,11932
States,New York,2012,15,X,0.812633,X,X,X,X,X,X,88,99,10829
States,New York,2012,16,X,0.689763,X,X,X,X,X,X,88,96,12758
States,New York,2012,17,X,0.665368,X,X,X,X,X,X,82,95,12324
States,New York,2012,18,X,0.46507,X,X,X,X,X,X,47,76,10106
States,New York,2012,19,X,0.557581,X,X,X,X,X,X,52,70,9326
States,New York,2012,20,X,0.560839,X,X,X,X,X,X,46,72,8202
States,New York,2012,21,X,0.416259,X,X,X,X,X,X,34,73,8168
States,New York,2012,22,X,0.394802,X,X,X,X,X,X,24,68,6079
States,New York,2012,23,X,0.291215,X,X,X,X,X,X,18,66,6181
States,New York,2012,24,X,0.163845,X,X,X,X,X,X,9,61,5493
States,New York,2012,25,X,0.224875,X,X,X,X,X,X,13,62,5781
States,New York,2012,26,X,0.155581,X,X,X,X,X,X,8,61,5142
States,New York,2012,27,X,0.29796,X,X,X,X,X,X,13,61,4363
States,New York,2012,28,X,0.13872,X,X,X,X,X,X,8,62,5767
States,New York,2012,29,X,0.124978,X,X,X,X,X,X,7,63,5601
States,New York,2012,30,X,0.0886682,X,X,X,X,X,X,5,62,5639
States,New York,2012,31,X,0.170487,X,X,X,X,X,X,9,59,5279
States,New York,2012,32,X,0.092302,X,X,X,X,X,X,5,59,5417
States,New York,2012,33,X,0.125045,X,X,X,X,X,X,7,61,5598
States,New York,2012,34,X,0.0612089,X,X,X,X,X,X,4,61,6535
States,New York,2012,35,X,0.083692,X,X,X,X,X,X,7,61,8364
States,New York,2012,36,X,0.117768,X,X,X,X,X,X,8,62,6793
States,New York,2012,37,X,0.173953,X,X,X,X,X,X,15,61,8623
States,New York,2012,38,X,0.108998,X,X,X,X,X,X,9,62,8257
States,New York,2012,39,X,0.283052,X,X,X,X,X,X,24,60,8479
States,New York,2012,40,X,0.293219,X,X,X,X,X,X,48,211,16370
States,New York,2012,41,X,0.572891,X,X,X,X,X,X,94,213,16408
States,New York,2012,42,X,1.00283,X,X,X,X,X,X,156,211,15556
States,New York,2012,43,X,0.778846,X,X,X,X,X,X,124,206,15921
States,New York,2012,44,X,0.633484,X,X,X,X,X,X,84,205,13260
States,New York,2012,45,X,0.832931,X,X,X,X,X,X,138,209,16568
States,New York,2012,46,X,0.991707,X,X,X,X,X,X,171,211,17243
States,New York,2012,47,X,1.70477,X,X,X,X,X,X,176,209,10324
States,New York,2012,48,X,1.67709,X,X,X,X,X,X,260,210,15503
States,New York,2012,49,X,2.11123,X,X,X,X,X,X,380,211,17999
States,New York,2012,50,X,3.03139,X,X,X,X,X,X,506,212,16692
States,New York,2012,51,X,3.62908,X,X,X,X,X,X,562,209,15486
States,New York,2012,52,X,5.95238,X,X,X,X,X,X,475,207,7980
States,New York,2013,1,X,3.99638,X,X,X,X,X,X,397,207,9934
States,New York,2013,2,X,4.13807,X,X,X,X,X,X,627,209,15152
States,New York,2013,3,X,4.53812,X,X,X,X,X,X,647,210,14257
States,New York,2013,4,X,4.06893,X,X,X,X,X,X,621,206,15262
States,New York,2013,5,X,2.9484,X,X,X,X,X,X,468,207,15873
States,New York,2013,6,X,2.7859,X,X,X,X,X,X,419,202,15040
States,New York,2013,7,X,3.39217,X,X,X,X,X,X,540,203,15919
States,New York,2013,8,X,3.48492,X,X,X,X,X,X,551,214,15811
States,New York,2013,9,X,2.67505,X,X,X,X,X,X,434,212,16224
States,New York,2013,10,X,2.38434,X,X,X,X,X,X,369,208,15476
States,New York,2013,11,X,2.70502,X,X,X,X,X,X,378,206,13974
States,New York,2013,12,X,2.2772,X,X,X,X,X,X,289,195,12691
States,New York,2013,13,X,1.6205,X,X,X,X,X,X,179,187,11046
States,New York,2013,14,X,1.58092,X,X,X,X,X,X,173,185,10943
States,New York,2013,15,X,1.33984,X,X,X,X,X,X,162,184,12091
States,New York,2013,16,X,1.47142,X,X,X,X,X,X,183,183,12437
States,New York,2013,17,X,1.19106,X,X,X,X,X,X,146,183,12258
States,New York,2013,18,X,0.979474,X,X,X,X,X,X,115,181,11741
States,New York,2013,19,X,0.859476,X,X,X,X,X,X,100,177,11635
States,New York,2013,20,X,0.830614,X,X,X,X,X,X,84,175,10113
States,New York,2013,21,X,0.678931,X,X,X,X,X,X,62,179,9132
States,New York,2013,22,X,1.19891,X,X,X,X,X,X,88,178,7340
States,New York,2013,23,X,0.893277,X,X,X,X,X,X,76,178,8508
States,New York,2013,24,X,0.881857,X,X,X,X,X,X,68,177,7711
States,New York,2013,25,X,0.564902,X,X,X,X,X,X,46,176,8143
States,New York,2013,26,X,0.606616,X,X,X,X,X,X,53,176,8737
States,New York,2013,27,X,0.826295,X,X,X,X,X,X,45,176,5446
States,New York,2013,28,X,0.635846,X,X,X,X,X,X,48,174,7549
States,New York,2013,29,X,0.449186,X,X,X,X,X,X,40,174,8905
States,New York,2013,30,X,0.784753,X,X,X,X,X,X,56,173,7136
States,New York,2013,31,X,0.43209,X,X,X,X,X,X,30,175,6943
States,New York,2013,32,X,0.561798,X,X,X,X,X,X,40,173,7120
States,New York,2013,33,X,0.367747,X,X,X,X,X,X,27,173,7342
States,New York,2013,34,X,0.455093,X,X,X,X,X,X,34,173,7471
States,New York,2013,35,X,0.396396,X,X,X,X,X,X,33,170,8325
States,New York,2013,36,X,0.347315,X,X,X,X,X,X,26,163,7486
States,New York,2013,37,X,0.32359,X,X,X,X,X,X,30,163,9271
States,New York,2013,38,X,0.38431,X,X,X,X,X,X,29,133,7546
States,New York,2013,39,X,0.266016,X,X,X,X,X,X,24,137,9022
States,New York,2013,40,X,0.582589,X,X,X,X,X,X,88,137,15105
States,New York,2013,41,X,0.552562,X,X,X,X,X,X,81,139,14659
States,New York,2013,42,X,0.573782,X,X,X,X,X,X,85,141,14814
States,New York,2013,43,X,0.753849,X,X,X,X,X,X,118,140,15653
States,New York,2013,44,X,0.719563,X,X,X,X,X,X,112,145,15565
States,New York,2013,45,X,0.850487,X,X,X,X,X,X,138,144,16226
States,New York,2013,46,X,0.809817,X,X,X,X,X,X,130,143,16053
States,New York,2013,47,X,0.915243,X,X,X,X,X,X,142,143,15515
States,New York,2013,48,X,0.990182,X,X,X,X,X,X,118,157,11917
States,New York,2013,49,X,0.958767,X,X,X,X,X,X,173,158,18044
States,New York,2013,50,X,1.03744,X,X,X,X,X,X,174,159,16772
States,New York,2013,51,X,1.35515,X,X,X,X,X,X,193,145,14242
States,New York,2013,52,X,2.99457,X,X,X,X,X,X,259,152,8649
States,New York,2014,1,X,2.97304,X,X,X,X,X,X,258,152,8678
States,New York,2014,2,X,1.99698,X,X,X,X,X,X,278,153,13921
States,New York,2014,3,X,2.80846,X,X,X,X,X,X,450,153,16023
States,New York,2014,4,X,2.91725,X,X,X,X,X,X,459,154,15734
States,New York,2014,5,X,3.13798,X,X,X,X,X,X,574,157,18292
States,New York,2014,6,X,3.65359,X,X,X,X,X,X,586,162,16039
States,New York,2014,7,X,2.90014,X,X,X,X,X,X,449,163,15482
States,New York,2014,8,X,1.88879,X,X,X,X,X,X,304,164,16095
States,New York,2014,9,X,1.54231,X,X,X,X,X,X,271,163,17571
States,New York,2014,10,X,1.78227,X,X,X,X,X,X,296,160,16608
States,New York,2014,11,X,1.9047,X,X,X,X,X,X,277,151,14543
States,New York,2014,12,X,2.19795,X,X,X,X,X,X,338,151,15378
States,New York,2014,13,X,2.73789,X,X,X,X,X,X,471,151,17203
States,New York,2014,14,X,3.06605,X,X,X,X,X,X,460,148,15003
States,New York,2014,15,X,3.09776,X,X,X,X,X,X,501,143,16173
States,New York,2014,16,X,2.37233,X,X,X,X,X,X,321,148,13531
States,New York,2014,17,X,1.50943,X,X,X,X,X,X,232,149,15370
States,New York,2014,18,X,1.59652,X,X,X,X,X,X,253,147,15847
States,New York,2014,19,X,1.362,X,X,X,X,X,X,216,147,15859
States,New York,2014,20,X,1.32629,X,X,X,X,X,X,201,141,15155
States,New York,2014,21,X,1.06975,X,X,X,X,X,X,148,140,13835
States,New York,2014,22,X,0.905888,X,X,X,X,X,X,90,138,9935
States,New York,2014,23,X,1.02176,X,X,X,X,X,X,116,135,11353
States,New York,2014,24,X,1.28228,X,X,X,X,X,X,144,131,11230
States,New York,2014,25,X,1.08052,X,X,X,X,X,X,126,129,11661
States,New York,2014,26,X,0.863077,X,X,X,X,X,X,96,128,11123
States,New York,2014,27,X,0.96,X,X,X,X,X,X,90,128,9375
States,New York,2014,28,X,0.662061,X,X,X,X,X,X,69,129,10422
States,New York,2014,29,X,0.7849,X,X,X,X,X,X,84,129,10702
States,New York,2014,30,X,0.633318,X,X,X,X,X,X,69,129,10895
States,New York,2014,31,X,0.790175,X,X,X,X,X,X,83,128,10504
States,New York,2014,32,X,0.585309,X,X,X,X,X,X,60,125,10251
States,New York,2014,33,X,0.552118,X,X,X,X,X,X,58,123,10505
States,New York,2014,34,X,0.449357,X,X,X,X,X,X,50,123,11127
States,New York,2014,35,X,0.530206,X,X,X,X,X,X,66,124,12448
States,New York,2014,36,X,0.337711,X,X,X,X,X,X,36,124,10660
States,New York,2014,37,X,0.645665,X,X,X,X,X,X,91,125,14094
States,New York,2014,38,X,0.835488,X,X,X,X,X,X,126,127,15081
States,New York,2014,39,X,0.796167,X,X,X,X,X,X,108,125,13565
States,New York,2014,40,X,0.693823,X,X,X,X,X,X,124,153,17872
States,New York,2014,41,X,0.609081,X,X,X,X,X,X,110,155,18060
States,New York,2014,42,X,0.76846,X,X,X,X,X,X,138,157,17958
States,New York,2014,43,X,0.872553,X,X,X,X,X,X,160,159,18337
States,New York,2014,44,X,0.95177,X,X,X,X,X,X,178,161,18702
States,New York,2014,45,X,1.10596,X,X,X,X,X,X,210,161,18988
States,New York,2014,46,X,1.11014,X,X,X,X,X,X,191,160,17205
States,New York,2014,47,X,1.38222,X,X,X,X,X,X,259,163,18738
States,New York,2014,48,X,1.84683,X,X,X,X,X,X,218,163,11804
States,New York,2014,49,X,1.41337,X,X,X,X,X,X,259,163,18325
States,New York,2014,50,X,1.64571,X,X,X,X,X,X,267,153,16224
States,New York,2014,51,X,2.65033,X,X,X,X,X,X,398,149,15017
States,New York,2014,52,X,6.18794,X,X,X,X,X,X,592,150,9567
States,New York,2014,53,X,4.54991,X,X,X,X,X,X,418,147,9187
States,New York,2015,1,X,4.20694,X,X,X,X,X,X,370,84,8795
States,New York,2015,2,X,5.391,X,X,X,X,X,X,526,86,9757
States,New York,2015,3,X,5.58831,X,X,X,X,X,X,635,82,11363
States,New York,2015,4,X,6.32707,X,X,X,X,X,X,744,85,11759
States,New York,2015,5,X,6.69472,X,X,X,X,X,X,700,80,10456
States,New York,2015,6,X,5.70743,X,X,X,X,X,X,666,82,11669
States,New York,2015,7,X,4.02477,X,X,X,X,X,X,403,79,10013
States,New York,2015,8,X,2.72662,X,X,X,X,X,X,305,82,11186
States,New York,2015,9,X,2.51903,X,X,X,X,X,X,278,83,11036
States,New York,2015,10,X,1.8082,X,X,X,X,X,X,191,81,10563
States,New York,2015,11,X,2.28283,X,X,X,X,X,X,226,77,9900
States,New York,2015,12,X,2.15005,X,X,X,X,X,X,237,81,11023
States,New York,2015,13,X,2.7072,X,X,X,X,X,X,244,79,9013
States,New York,2015,14,X,2.46135,X,X,X,X,X,X,199,78,8085
States,New York,2015,15,X,1.91507,X,X,X,X,X,X,184,77,9608
States,New York,2015,16,X,1.4716,X,X,X,X,X,X,150,75,10193
States,New York,2015,17,X,1.58698,X,X,X,X,X,X,155,74,9767
States,New York,2015,18,X,1.8077,X,X,X,X,X,X,185,73,10234
States,New York,2015,19,X,1.18835,X,X,X,X,X,X,113,71,9509
States,New York,2015,20,X,1.3621,X,X,X,X,X,X,101,66,7415
States,New York,2015,21,X,1.64894,X,X,X,X,X,X,93,64,5640
States,New York,2015,22,X,1.80865,X,X,X,X,X,X,107,62,5916
States,New York,2015,23,X,1.2451,X,X,X,X,X,X,73,60,5863
States,New York,2015,24,X,0.441726,X,X,X,X,X,X,26,60,5886
States,New York,2015,25,X,0.823114,X,X,X,X,X,X,49,61,5953
States,New York,2015,26,X,1.23305,X,X,X,X,X,X,60,60,4866
States,New York,2015,27,X,1.31579,X,X,X,X,X,X,71,60,5396
States,New York,2015,28,X,1.17908,X,X,X,X,X,X,69,60,5852
States,New York,2015,29,X,0.900576,X,X,X,X,X,X,50,58,5552
States,New York,2015,30,X,1.36986,X,X,X,X,X,X,71,60,5183
States,New York,2015,31,X,1.50362,X,X,X,X,X,X,81,60,5387
States,New York,2015,32,X,1.48782,X,X,X,X,X,X,80,58,5377
States,New York,2015,33,X,0.839793,X,X,X,X,X,X,52,57,6192
States,New York,2015,34,X,1.27684,X,X,X,X,X,X,88,56,6892
States,New York,2015,35,X,0.708316,X,X,X,X,X,X,50,55,7059
States,New York,2015,36,X,0.690934,X,X,X,X,X,X,41,55,5934
States,New York,2015,37,X,1.23784,X,X,X,X,X,X,84,54,6786
States,New York,2015,38,X,1.01226,X,X,X,X,X,X,71,55,7014
States,New York,2015,39,X,0.426954,X,X,X,X,X,X,23,23,5387
States,New York,2015,40,X,0.588433,X,X,X,X,X,X,70,80,11896
States,New York,2015,41,X,0.557203,X,X,X,X,X,X,62,80,11127
States,New York,2015,42,X,0.85962,X,X,X,X,X,X,115,82,13378
States,New York,2015,43,X,0.816171,X,X,X,X,X,X,107,83,13110
States,New York,2015,44,X,0.655665,X,X,X,X,X,X,89,84,13574
States,New York,2015,45,X,0.723665,X,X,X,X,X,X,97,85,13404
States,New York,2015,46,X,1.18498,X,X,X,X,X,X,159,82,13418
States,New York,2015,47,X,0.97867,X,X,X,X,X,X,78,83,7970
States,New York,2015,48,X,1.1818,X,X,X,X,X,X,141,80,11931
States,New York,2015,49,X,1.51335,X,X,X,X,X,X,178,77,11762
States,New York,2015,50,X,1.25511,X,X,X,X,X,X,129,80,10278
States,New York,2015,51,X,2.14651,X,X,X,X,X,X,126,80,5870
States,New York,2015,52,X,1.97842,X,X,X,X,X,X,99,78,5004
States,New York,2016,1,X,1.15723,X,X,X,X,X,X,92,75,7950
States,New York,2016,2,X,2.56989,X,X,X,X,X,X,205,78,7977
States,New York,2016,3,X,1.90067,X,X,X,X,X,X,155,82,8155
States,New York,2016,4,X,1.6013,X,X,X,X,X,X,167,81,10429
States,New York,2016,5,X,1.7329,X,X,X,X,X,X,191,83,11022
States,New York,2016,6,X,2.71642,X,X,X,X,X,X,273,80,10050
States,New York,2016,7,X,1.76664,X,X,X,X,X,X,172,80,9736
States,New York,2016,8,X,2.83297,X,X,X,X,X,X,288,79,10166
States,New York,2016,9,X,3.41463,X,X,X,X,X,X,357,80,10455
States,New York,2016,10,X,3.41609,X,X,X,X,X,X,366,79,10714
States,New York,2016,11,X,3.80303,X,X,X,X,X,X,346,75,9098
States,New York,2016,12,X,2.89463,X,X,X,X,X,X,278,72,9604
States,New York,2016,13,X,1.59898,X,X,X,X,X,X,113,47,7067
States,New York,2016,14,X,1.35135,X,X,X,X,X,X,97,45,7178
States,New York,2016,15,X,1.53967,X,X,X,X,X,X,118,41,7664
States,New York,2016,16,X,1.09692,X,X,X,X,X,X,79,40,7202
States,New York,2016,17,X,1.0275,X,X,X,X,X,X,68,40,6618
States,New York,2016,18,X,0.858972,X,X,X,X,X,X,55,37,6403
States,New York,2016,19,X,0.552289,X,X,X,X,X,X,31,36,5613
States,New York,2016,20,X,0.529832,X,X,X,X,X,X,23,34,4341
States,New York,2016,21,X,0.327198,X,X,X,X,X,X,8,30,2445
States,New York,2016,22,X,0,X,X,X,X,X,X,0,32,1965
States,New York,2016,23,X,0,X,X,X,X,X,X,0,32,2372
States,New York,2016,24,X,0.0979912,X,X,X,X,X,X,2,30,2041
States,New York,2016,25,X,0.0453926,X,X,X,X,X,X,1,31,2203
States,New York,2016,26,X,0.0457247,X,X,X,X,X,X,1,31,2187
States,New York,2016,27,X,0,X,X,X,X,X,X,0,31,1800
States,New York,2016,28,X,0.0838926,X,X,X,X,X,X,2,30,2384
States,New York,2016,29,X,0,X,X,X,X,X,X,0,29,1968
States,New York,2016,30,X,0,X,X,X,X,X,X,0,30,2143
States,New York,2016,31,X,0.110742,X,X,X,X,X,X,2,26,1806
States,New York,2016,32,X,0,X,X,X,X,X,X,0,26,1638
States,New York,2016,33,X,0.182039,X,X,X,X,X,X,3,23,1648
States,New York,2016,34,X,0.031506,X,X,X,X,X,X,1,21,3174
States,New York,2016,35,X,0,X,X,X,X,X,X,0,24,4301
States,New York,2016,36,X,0.0777605,X,X,X,X,X,X,3,24,3858
States,New York,2016,37,X,0.183486,X,X,X,X,X,X,9,24,4905
States,New York,2016,38,X,0.0412967,X,X,X,X,X,X,2,24,4843
States,New York,2016,39,X,0.164406,X,X,X,X,X,X,8,25,4866
States,New York,2016,40,X,0.725918,X,X,X,X,X,X,115,66,15842
States,New York,2016,41,X,0.945864,X,X,X,X,X,X,141,64,14907
States,New York,2016,42,X,1.10167,X,X,X,X,X,X,175,65,15885
States,New York,2016,43,X,0.898849,X,X,X,X,X,X,146,67,16243
States,New York,2016,44,X,0.918,X,X,X,X,X,X,148,71,16122
States,New York,2016,45,X,1.22738,X,X,X,X,X,X,194,69,15806
States,New York,2016,46,X,1.12103,X,X,X,X,X,X,182,70,16235
States,New York,2016,47,X,1.74806,X,X,X,X,X,X,194,72,11098
States,New York,2016,48,X,1.62637,X,X,X,X,X,X,261,71,16048
States,New York,2016,49,X,1.45618,X,X,X,X,X,X,223,70,15314
States,New York,2016,50,X,1.47612,X,X,X,X,X,X,208,69,14091
States,New York,2016,51,X,3.14039,X,X,X,X,X,X,389,68,12387
States,New York,2016,52,X,5.42753,X,X,X,X,X,X,537,64,9894
States,New York,2017,1,X,5.17272,X,X,X,X,X,X,584,65,11290
States,New York,2017,2,X,5.93932,X,X,X,X,X,X,736,67,12392
States,New York,2017,3,X,6.78861,X,X,X,X,X,X,913,68,13449
States,New York,2017,4,X,7.54014,X,X,X,X,X,X,1174,69,15570
States,New York,2017,5,X,8.68115,X,X,X,X,X,X,1431,69,16484
States,New York,2017,6,X,9.81455,X,X,X,X,X,X,1466,68,14937
States,New York,2017,7,X,8.27769,X,X,X,X,X,X,1153,66,13929
States,New York,2017,8,X,6.33198,X,X,X,X,X,X,811,67,12808
States,New York,2017,9,X,2.9721,X,X,X,X,X,X,407,67,13694
States,New York,2017,10,X,3.20508,X,X,X,X,X,X,419,66,13073
States,New York,2017,11,X,3.91216,X,X,X,X,X,X,383,64,9790
States,New York,2017,12,X,3.57547,X,X,X,X,X,X,505,68,14124
States,New York,2017,13,X,4.58545,X,X,X,X,X,X,568,66,12387
States,New York,2017,14,X,4.82565,X,X,X,X,X,X,584,62,12102
States,New York,2017,15,X,3.25149,X,X,X,X,X,X,343,58,10549
States,New York,2017,16,X,1.9606,X,X,X,X,X,X,209,56,10660
States,New York,2017,17,X,1.9738,X,X,X,X,X,X,217,57,10994
States,New York,2017,18,X,1.96009,X,X,X,X,X,X,221,56,11275
States,New York,2017,19,X,1.4525,X,X,X,X,X,X,163,55,11222
States,New York,2017,20,X,1.47045,X,X,X,X,X,X,154,54,10473
States,New York,2017,21,X,1.64255,X,X,X,X,X,X,143,44,8706
States,New York,2017,22,X,1.66997,X,X,X,X,X,X,101,43,6048
States,New York,2017,23,X,1.43437,X,X,X,X,X,X,106,42,7390
States,New York,2017,24,X,1.36968,X,X,X,X,X,X,104,43,7593
States,New York,2017,25,X,1.38908,X,X,X,X,X,X,100,42,7199
States,New York,2017,26,X,1.18149,X,X,X,X,X,X,83,43,7025
States,New York,2017,27,X,1.1153,X,X,X,X,X,X,74,43,6635
States,New York,2017,28,X,0.998308,X,X,X,X,X,X,59,43,5910
States,New York,2017,29,X,1.07903,X,X,X,X,X,X,74,42,6858
States,New York,2017,30,X,0.944611,X,X,X,X,X,X,66,41,6987
States,New York,2017,31,X,0.961125,X,X,X,X,X,X,67,41,6971
States,New York,2017,32,X,0.904343,X,X,X,X,X,X,71,41,7851
States,New York,2017,33,X,0.893612,X,X,X,X,X,X,74,40,8281
States,New York,2017,34,X,0.899017,X,X,X,X,X,X,86,41,9566
States,New York,2017,35,X,0.795934,X,X,X,X,X,X,83,40,10428
States,New York,2017,36,X,0.932594,X,X,X,X,X,X,79,41,8471
States,New York,2017,37,X,0.904698,X,X,X,X,X,X,88,40,9727
States,New York,2017,38,X,0.938622,X,X,X,X,X,X,102,41,10867
States,New York,2017,39,X,1.24783,X,X,X,X,X,X,122,39,9777
States,New York,2017,40,X,1.18211,X,X,X,X,X,X,138,50,11674
States,New York,2017,41,X,1.0482,X,X,X,X,X,X,132,54,12593
States,New York,2017,42,X,1.37649,X,X,X,X,X,X,185,52,13440
States,New York,2017,43,X,1.36251,X,X,X,X,X,X,193,54,14165
States,New York,2017,44,X,1.51156,X,X,X,X,X,X,204,53,13496
States,New York,2017,45,X,1.61033,X,X,X,X,X,X,232,56,14407
States,New York,2017,46,X,1.6294,X,X,X,X,X,X,239,56,14668
States,New York,2017,47,X,1.90003,X,X,X,X,X,X,195,56,10263
States,New York,2017,48,X,2.10008,X,X,X,X,X,X,277,55,13190
States,New York,2017,49,X,2.39392,X,X,X,X,X,X,334,57,13952
States,New York,2017,50,X,2.65723,X,X,X,X,X,X,349,55,13134
States,New York,2017,51,X,3.81194,X,X,X,X,X,X,450,53,11805
States,New York,2017,52,X,3.56649,X,X,X,X,X,X,361,51,10122
States,New York,2018,1,X,4.55703,X,X,X,X,X,X,340,52,7461
States,New York,2018,2,X,6.18262,X,X,X,X,X,X,648,52,10481
States,New York,2018,3,X,7.40936,X,X,X,X,X,X,842,55,11364
States,New York,2018,4,X,9.17524,X,X,X,X,X,X,1355,56,14768
States,New York,2018,5,X,10.9383,X,X,X,X,X,X,1674,53,15304
States,New York,2018,6,X,10.6533,X,X,X,X,X,X,1678,56,15751
States,New York,2018,7,X,10.3037,X,X,X,X,X,X,1588,55,15412
States,New York,2018,8,X,6.97767,X,X,X,X,X,X,875,55,12540
States,New York,2018,9,X,5.04069,X,X,X,X,X,X,576,54,11427
States,New York,2018,10,X,3.71947,X,X,X,X,X,X,402,53,10808
States,New York,2018,11,X,3.37375,X,X,X,X,X,X,345,53,10226
States,New York,2018,12,X,2.35595,X,X,X,X,X,X,249,52,10569
States,New York,2018,13,X,2.59165,X,X,X,X,X,X,275,48,10611
States,New York,2018,14,X,2.34435,X,X,X,X,X,X,212,50,9043
States,New York,2018,15,X,2.19619,X,X,X,X,X,X,240,51,10928
States,New York,2018,16,X,2.22306,X,X,X,X,X,X,237,48,10661
States,New York,2018,17,X,1.59244,X,X,X,X,X,X,177,48,11115
States,New York,2018,18,X,2.20051,X,X,X,X,X,X,232,46,10543
States,New York,2018,19,X,1.50123,X,X,X,X,X,X,165,44,10991
States,New York,2018,20,X,1.42733,X,X,X,X,X,X,131,41,9178
States,New York,2018,21,X,1.24434,X,X,X,X,X,X,99,39,7956
States,New York,2018,22,X,1.39104,X,X,X,X,X,X,99,39,7117
States,New York,2018,23,X,0.0269724,X,X,X,X,X,X,2,38,7415
States,New York,2018,24,X,0.0407609,X,X,X,X,X,X,3,37,7360
States,New York,2018,25,X,0,X,X,X,X,X,X,0,37,7529
States,New York,2018,26,X,0.0150943,X,X,X,X,X,X,1,36,6625
States,New York,2018,27,X,0.0176025,X,X,X,X,X,X,1,35,5681
States,New York,2018,28,X,0,X,X,X,X,X,X,0,36,7055
States,New York,2018,29,X,0,X,X,X,X,X,X,0,35,6891
States,New York,2018,30,X,0.0135135,X,X,X,X,X,X,1,34,7400
States,New York,2018,31,X,0.0136836,X,X,X,X,X,X,1,35,7308
States,New York,2018,32,X,0,X,X,X,X,X,X,0,35,7789
States,New York,2018,33,X,0,X,X,X,X,X,X,0,33,8346
States,New York,2018,34,X,0,X,X,X,X,X,X,0,35,8973
States,New York,2018,35,X,0,X,X,X,X,X,X,0,34,10035
States,New York,2018,36,X,0.0796178,X,X,X,X,X,X,2,14,2512
States,New York,2018,37,X,0.260841,X,X,X,X,X,X,8,15,3067
States,New York,2018,38,X,0.342359,X,X,X,X,X,X,11,15,3213
States,New York,2018,39,X,0.22658,X,X,X,X,X,X,26,36,11475
States,New York,2018,40,X,0.964964,X,X,X,X,X,X,623,131,64562
States,New York,2018,41,X,0.98214,X,X,X,X,X,X,661,133,67302
States,New York,2018,42,X,1.1082,X,X,X,X,X,X,706,134,63707
States,New York,2018,43,X,1.13962,X,X,X,X,X,X,700,133,61424
States,New York,2018,44,X,1.26942,X,X,X,X,X,X,781,134,61524
States,New York,2018,45,X,1.09622,X,X,X,X,X,X,710,135,64768
States,New York,2018,46,X,1.10866,X,X,X,X,X,X,632,134,57006
States,New York,2018,47,X,1.34015,X,X,X,X,X,X,742,136,55367
States,New York,2018,48,X,1.31799,X,X,X,X,X,X,828,136,62823
States,New York,2018,49,X,1.46959,X,X,X,X,X,X,892,134,60697
States,New York,2018,50,X,1.95702,X,X,X,X,X,X,1172,133,59887
States,New York,2018,51,X,2.42423,X,X,X,X,X,X,1427,133,58864
States,New York,2018,52,X,3.02311,X,X,X,X,X,X,1757,134,58119
States,New York,2019,1,X,2.7959,X,X,X,X,X,X,1727,135,61769
States,New York,2019,2,X,2.53648,X,X,X,X,X,X,1514,132,59689
States,New York,2019,3,X,3.0807,X,X,X,X,X,X,1808,134,58688
States,New York,2019,4,X,3.47274,X,X,X,X,X,X,2085,136,60039
States,New York,2019,5,X,3.43565,X,X,X,X,X,X,2158,136,62812
States,New York,2019,6,X,3.87097,X,X,X,X,X,X,2676,135,69130
States,New York,2019,7,X,4.53822,X,X,X,X,X,X,3024,134,66634
States,New York,2019,8,X,4.04967,X,X,X,X,X,X,2335,135,57659
States,New York,2019,9,X,3.24017,X,X,X,X,X,X,1979,134,61077
States,New York,2019,10,X,3.19059,X,X,X,X,X,X,2034,134,63750
States,New York,2019,11,X,3.2431,X,X,X,X,X,X,2105,138,64907
States,New York,2019,12,X,3.26153,X,X,X,X,X,X,2038,137,62486
States,New York,2019,13,X,2.74534,X,X,X,X,X,X,1723,135,62761
States,New York,2019,14,X,2.74644,X,X,X,X,X,X,1699,136,61862
States,New York,2019,15,X,2.08497,X,X,X,X,X,X,1301,136,62399
States,New York,2019,16,X,1.77157,X,X,X,X,X,X,1020,133,57576
States,New York,2019,17,X,1.26076,X,X,X,X,X,X,753,136,59726
States,New York,2019,18,X,1.15328,X,X,X,X,X,X,656,133,56881
States,New York,2019,19,X,0.897742,X,X,X,X,X,X,512,130,57032
States,New York,2019,20,X,0.812505,X,X,X,X,X,X,315,121,38769
States,New York,2019,21,X,0.898427,X,X,X,X,X,X,517,129,57545
States,New York,2019,22,X,0.918154,X,X,X,X,X,X,513,129,55873
States,New York,2019,23,X,0.789753,X,X,X,X,X,X,447,125,56600
States,New York,2019,24,X,0.668978,X,X,X,X,X,X,384,123,57401
States,New York,2019,25,X,0.729279,X,X,X,X,X,X,411,123,56357
States,New York,2019,26,X,0.692452,X,X,X,X,X,X,420,124,60654
States,New York,2019,27,X,0.677309,X,X,X,X,X,X,395,124,58319
States,New York,2019,28,X,0.606159,X,X,X,X,X,X,374,124,61700
States,New York,2019,29,X,0.496888,X,X,X,X,X,X,297,123,59772
States,New York,2019,30,X,0.510265,X,X,X,X,X,X,298,124,58401
States,New York,2019,31,X,0.496411,X,X,X,X,X,X,296,124,59628
States,New York,2019,32,X,0.582389,X,X,X,X,X,X,317,124,54431
States,New York,2019,33,X,0.487924,X,X,X,X,X,X,279,124,57181
States,New York,2019,34,X,0.492445,X,X,X,X,X,X,278,124,56453
States,New York,2019,35,X,0.51099,X,X,X,X,X,X,282,124,55187
States,New York,2019,36,X,0.53943,X,X,X,X,X,X,302,125,55985
States,New York,2019,37,X,0.717335,X,X,X,X,X,X,415,124,57853
States,New York,2019,38,X,0.853393,X,X,X,X,X,X,502,125,58824
States,New York,2019,39,X,0.952203,X,X,X,X,X,X,561,124,58916
States,New York,2019,40,X,0.883474,X,X,X,X,X,X,517,130,58519
States,New York,2019,41,X,1.00583,X,X,X,X,X,X,587,135,58360
States,New York,2019,42,X,1.09797,X,X,X,X,X,X,622,136,56650
States,New York,2019,43,X,1.03963,X,X,X,X,X,X,626,138,60214
States,New York,2019,44,X,1.23284,X,X,X,X,X,X,712,138,57753
States,New York,2019,45,X,1.29974,X,X,X,X,X,X,734,137,56473
States,New York,2019,46,X,1.37191,X,X,X,X,X,X,763,136,55616
States,New York,2019,47,X,1.44615,X,X,X,X,X,X,826,135,57117
States,New York,2019,48,X,1.95974,X,X,X,X,X,X,991,133,50568
States,New York,2019,49,X,1.94126,X,X,X,X,X,X,1002,133,51616
States,New York,2019,50,X,2.28183,X,X,X,X,X,X,1328,136,58199
States,New York,2019,51,X,3.35442,X,X,X,X,X,X,1898,135,56582
States,New York,2019,52,X,5.17193,X,X,X,X,X,X,2939,135,56826
States,New York,2020,1,X,5.23796,X,X,X,X,X,X,2976,131,56816
States,New York,2020,2,X,3.89487,X,X,X,X,X,X,1891,131,48551
States,New York,2020,3,X,4.98993,X,X,X,X,X,X,2824,135,56594
States,New York,2020,4,X,6.29803,X,X,X,X,X,X,3688,134,58558
States,New York,2020,5,X,6.96812,X,X,X,X,X,X,4361,134,62585
States,New York,2020,6,X,7.51562,X,X,X,X,X,X,4535,135,60341
States,New York,2020,7,X,6.25291,X,X,X,X,X,X,3631,134,58069
States,New York,2020,8,X,4.85567,X,X,X,X,X,X,2577,133,53072
States,New York,2020,9,X,3.78471,X,X,X,X,X,X,1926,131,50889
States,New York,2020,10,X,3.69374,X,X,X,X,X,X,1813,133,49083
States,New York,2020,11,X,6.12276,X,X,X,X,X,X,3200,130,52264
States,New York,2020,12,X,7.90347,X,X,X,X,X,X,3288,131,41602
States,New York,2020,13,X,7.98081,X,X,X,X,X,X,2894,130,36262
States,New York,2020,14,X,7.09741,X,X,X,X,X,X,2365,130,33322
States,New York,2020,15,X,4.76863,X,X,X,X,X,X,1452,129,30449
States,New York,2020,16,X,3.30446,X,X,X,X,X,X,946,130,28628
States,New York,2020,17,X,2.00144,X,X,X,X,X,X,583,129,29129
States,New York,2020,18,X,1.27955,X,X,X,X,X,X,393,130,30714
States,New York,2020,19,X,0.96626,X,X,X,X,X,X,305,127,31565
States,New York,2020,20,X,0.775521,X,X,X,X,X,X,257,126,33139
States,New York,2020,21,X,0.683416,X,X,X,X,X,X,244,127,35703
States,New York,2020,22,X,0.481247,X,X,X,X,X,X,189,127,39273
States,New York,2020,23,X,0.428651,X,X,X,X,X,X,162,124,37793
States,New York,2020,24,X,0.400707,X,X,X,X,X,X,161,126,40179
States,New York,2020,25,X,0.458804,X,X,X,X,X,X,190,126,41412
States,New York,2020,26,X,0.360199,X,X,X,X,X,X,165,125,45808
States,New York,2020,27,X,0.424689,X,X,X,X,X,X,193,122,45445
States,New York,2020,28,X,0.465711,X,X,X,X,X,X,222,123,47669
States,New York,2020,29,X,0.509557,X,X,X,X,X,X,233,123,45726
States,New York,2020,30,X,0.523225,X,X,X,X,X,X,237,123,45296
States,New York,2020,31,X,0.522652,X,X,X,X,X,X,232,123,44389
States,New York,2020,32,X,0.483196,X,X,X,X,X,X,224,123,46358
States,New York,2020,33,X,0.52421,X,X,X,X,X,X,228,122,43494
States,New York,2020,34,X,0.739927,X,X,X,X,X,X,330,122,44599
States,New York,2020,35,X,0.724231,X,X,X,X,X,X,323,121,44599
States,New York,2020,36,X,0.621846,X,X,X,X,X,X,276,122,44384
States,New York,2020,37,X,0.669827,X,X,X,X,X,X,284,122,42399
States,New York,2020,38,X,0.77839,X,X,X,X,X,X,353,123,45350
States,New York,2020,39,X,0.862973,X,X,X,X,X,X,395,122,45772
States,New York,2020,40,X,0.881096,X,X,X,X,X,X,406,125,46079
States,New York,2020,41,X,0.925477,X,X,X,X,X,X,458,125,49488
States,New York,2020,42,X,0.856567,X,X,X,X,X,X,408,125,47632
States,New York,2020,43,X,0.842508,X,X,X,X,X,X,401,126,47596
States,New York,2020,44,X,0.87251,X,X,X,X,X,X,389,127,44584
States,New York,2020,45,X,1.03146,X,X,X,X,X,X,476,124,46148
States,New York,2020,46,X,1.16537,X,X,X,X,X,X,562,125,48225
States,New York,2020,47,X,1.22542,X,X,X,X,X,X,577,125,47086
States,New York,2020,48,X,1.21522,X,X,X,X,X,X,539,125,44354
States,New York,2020,49,X,1.40623,X,X,X,X,X,X,589,125,41885
States,New York,2020,50,X,1.64306,X,X,X,X,X,X,747,124,45464
States,New York,2020,51,X,1.43254,X,X,X,X,X,X,614,125,42861
States,New York,2020,52,X,1.50536,X,X,X,X,X,X,638,124,42382
States,New York,2020,53,X,1.68594,X,X,X,X,X,X,774,124,45909
States,New York,2021,1,X,1.70195,X,X,X,X,X,X,816,125,47945
States,New York,2021,2,X,1.19633,X,X,X,X,X,X,535,113,44720
States,New York,2021,3,X,1.48119,X,X,X,X,X,X,647,125,43681
States,New York,2021,4,X,1.14576,X,X,X,X,X,X,499,126,43552
States,New York,2021,5,X,1.05889,X,X,X,X,X,X,447,125,42214
States,New York,2021,6,X,1.02586,X,X,X,X,X,X,447,126,43573
States,New York,2021,7,X,0.87301,X,X,X,X,X,X,368,125,42153
States,New York,2021,8,X,0.805191,X,X,X,X,X,X,371,126,46076
States,New York,2021,9,X,0.912473,X,X,X,X,X,X,417,126,45700
States,New York,2021,10,X,0.972795,X,X,X,X,X,X,462,125,47492
States,New York,2021,11,X,1.08844,X,X,X,X,X,X,518,126,47591
States,New York,2021,12,X,1.01204,X,X,X,X,X,X,490,126,48417
States,New York,2021,13,X,1.08874,X,X,X,X,X,X,505,126,46384
States,New York,2021,14,X,1.24353,X,X,X,X,X,X,591,122,47526
States,New York,2021,15,X,1.15906,X,X,X,X,X,X,552,125,47625
States,New York,2021,16,X,1.25811,X,X,X,X,X,X,584,123,46419
States,New York,2021,17,X,1.17598,X,X,X,X,X,X,540,122,45919
States,New York,2021,18,X,1.17592,X,X,X,X,X,X,574,122,48813
States,New York,2021,19,X,1.39,X,X,X,X,X,X,660,120,47482
States,New York,2021,20,X,1.22147,X,X,X,X,X,X,609,121,49858
States,New York,2021,21,X,1.13012,X,X,X,X,X,X,553,121,48933
States,New York,2021,22,X,1.11651,X,X,X,X,X,X,547,120,48992
States,New York,2021,23,X,1.11971,X,X,X,X,X,X,596,120,53228
States,New York,2021,24,X,1.28165,X,X,X,X,X,X,653,120,50950
States,New York,2021,25,X,1.26047,X,X,X,X,X,X,635,120,50378
States,New York,2021,26,X,1.26321,X,X,X,X,X,X,656,119,51931
States,New York,2021,27,X,1.13866,X,X,X,X,X,X,591,119,51903
States,New York,2021,28,X,1.15302,X,X,X,X,X,X,638,119,55333
States,New York,2021,29,X,1.38025,X,X,X,X,X,X,732,119,53034
States,New York,2021,30,X,1.38601,X,X,X,X,X,X,743,117,53607
States,New York,2021,31,X,1.57921,X,X,X,X,X,X,855,119,54141
States,New York,2021,32,X,1.5096,X,X,X,X,X,X,849,119,56240
States,New York,2021,33,X,1.5524,X,X,X,X,X,X,836,116,53852
States,New York,2021,34,X,1.49765,X,X,X,X,X,X,839,119,56021
States,New York,2021,35,X,1.4689,X,X,X,X,X,X,817,118,55620
States,New York,2021,36,X,1.58527,X,X,X,X,X,X,843,119,53177
States,New York,2021,37,X,1.79243,X,X,X,X,X,X,1054,120,58803
States,New York,2021,38,X,1.97953,X,X,X,X,X,X,1137,119,57438
States,New York,2021,39,X,2.23827,X,X,X,X,X,X,1212,117,54149
States,New York,2021,40,X,2.2859,X,X,X,X,X,X,1349,123,59014
States,New York,2021,41,X,2.11982,X,X,X,X,X,X,1197,124,56467
States,New York,2021,42,X,1.94862,X,X,X,X,X,X,1065,123,54654
States,New York,2021,43,X,1.94925,X,X,X,X,X,X,1021,124,52379
States,New York,2021,44,X,2.37059,X,X,X,X,X,X,866,123,36531
States,New York,2021,45,X,2.24516,X,X,X,X,X,X,1294,126,57635
States,New York,2021,46,X,2.3807,X,X,X,X,X,X,1371,125,57588
States,New York,2021,47,X,2.36538,X,X,X,X,X,X,1244,126,52592
States,New York,2021,48,X,2.88108,X,X,X,X,X,X,1592,126,55257
States,New York,2021,49,X,3.10424,X,X,X,X,X,X,1860,126,59918
States,New York,2021,50,X,3.43446,X,X,X,X,X,X,2083,125,60650
States,New York,2021,51,X,3.88869,X,X,X,X,X,X,2215,124,56960
States,New York,2021,52,X,4.46933,X,X,X,X,X,X,2698,125,60367
States,New York,2022,1,X,3.40629,X,X,X,X,X,X,1880,122,55192
States,New York,2022,2,X,2.50629,X,X,X,X,X,X,1165,122,46483
States,New York,2022,3,X,1.85408,X,X,X,X,X,X,847,122,45683
States,New York,2022,4,X,1.46417,X,X,X,X,X,X,621,124,42413
States,New York,2022,5,X,1.21541,X,X,X,X,X,X,477,119,39246
States,New York,2022,6,X,1.20981,X,X,X,X,X,X,561,125,46371
States,New York,2022,7,X,1.21738,X,X,X,X,X,X,564,124,46329
States,New York,2022,8,X,1.34508,X,X,X,X,X,X,432,123,32117
States,New York,2022,9,X,1.05259,X,X,X,X,X,X,499,124,47407
States,New York,2022,10,X,1.50462,X,X,X,X,X,X,725,124,48185
States,New York,2022,11,X,1.83059,X,X,X,X,X,X,901,123,49219
States,New York,2022,12,X,2.12105,X,X,X,X,X,X,1065,124,50211
States,New York,2022,13,X,2.70543,X,X,X,X,X,X,1339,124,49493
States,New York,2022,14,X,3.45247,X,X,X,X,X,X,1731,123,50138
States,New York,2022,15,X,2.97229,X,X,X,X,X,X,1548,121,52081
States,New York,2022,16,X,2.68122,X,X,X,X,X,X,1329,121,49567
States,New York,2022,17,X,2.7295,X,X,X,X,X,X,1418,119,51951
States,New York,2022,18,X,3.30129,X,X,X,X,X,X,1765,122,53464
States,New York,2022,19,X,3.32802,X,X,X,X,X,X,1940,122,58293
States,New York,2022,20,X,2.84144,X,X,X,X,X,X,1530,121,53846
States,New York,2022,21,X,2.54923,X,X,X,X,X,X,1283,122,50329
States,New York,2022,22,X,2.16659,X,X,X,X,X,X,1093,121,50448
States,New York,2022,23,X,2.09582,X,X,X,X,X,X,1210,118,57734
States,New York,2022,24,X,1.98084,X,X,X,X,X,X,978,116,49373
States,New York,2022,25,X,1.89253,X,X,X,X,X,X,984,117,51994
States,New York,2022,26,X,1.7523,X,X,X,X,X,X,870,116,49649
States,New York,2022,27,X,1.67672,X,X,X,X,X,X,937,116,55883
States,New York,2022,28,X,1.50115,X,X,X,X,X,X,780,116,51960
States,New York,2022,29,X,1.48426,X,X,X,X,X,X,747,115,50328
States,New York,2022,30,X,1.4774,X,X,X,X,X,X,750,116,50765
States,New York,2022,31,X,1.4802,X,X,X,X,X,X,811,116,54790
States,New York,2022,32,X,1.59385,X,X,X,X,X,X,827,116,51887
States,New York,2022,33,X,1.25233,X,X,X,X,X,X,637,116,50865
States,New York,2022,34,X,1.46255,X,X,X,X,X,X,562,117,38426
States,New York,2022,35,X,1.0171,X,X,X,X,X,X,505,118,49651
States,New York,2022,36,X,1.21673,X,X,X,X,X,X,623,118,51203
States,New York,2022,37,X,1.71699,X,X,X,X,X,X,982,117,57193
States,New York,2022,38,X,1.87767,X,X,X,X,X,X,1091,117,58104
States,New York,2022,39,X,1.82684,X,X,X,X,X,X,1005,118,55013
States,New York,2022,40,X,2.35321,X,X,X,X,X,X,933,122,39648
States,New York,2022,41,X,4.36652,X,X,X,X,X,X,518,121,11863
States,New York,2022,42,X,2.62504,X,X,X,X,X,X,1098,124,41828
States,New York,2022,43,X,2.75031,X,X,X,X,X,X,1936,124,70392
States,New York,2022,44,X,3.88556,X,X,X,X,X,X,2499,124,64315
States,New York,2022,45,X,4.21725,X,X,X,X,X,X,2765,124,65564
States,New York,2022,46,X,4.53211,X,X,X,X,X,X,2778,123,61296
States,New York,2022,47,X,5.84341,X,X,X,X,X,X,3513,124,60119
States,New York,2022,48,X,6.83606,X,X,X,X,X,X,4606,124,67378
States,New York,2022,49,X,8.18203,X,X,X,X,X,X,4894,124,59814
States,New York,2022,50,X,5.15234,X,X,X,X,X,X,2540,123,49298
States,New York,2022,51,X,6.92419,X,X,X,X,X,X,3956,120,57133
States,New York,2022,52,X,5.40239,X,X,X,X,X,X,3151,123,58326
States,New York,2023,1,X,3.50057,X,X,X,X,X,X,2075,123,59276
States,New York,2023,2,X,2.63004,X,X,X,X,X,X,1438,123,54676
States,New York,2023,3,X,2.38797,X,X,X,X,X,X,1256,123,52597
States,New York,2023,4,X,2.34254,X,X,X,X,X,X,1282,123,54727
States,New York,2023,5,X,2.47437,X,X,X,X,X,X,1318,121,53266
States,New York,2023,6,X,2.34875,X,X,X,X,X,X,1233,122,52496
States,New York,2023,7,X,2.43275,X,X,X,X,X,X,1371,120,56356
States,New York,2023,8,X,2.30016,X,X,X,X,X,X,1275,120,55431
States,New York,2023,9,X,2.15804,X,X,X,X,X,X,1182,121,54772
States,New York,2023,10,X,2.20548,X,X,X,X,X,X,1244,120,56405
States,New York,2023,11,X,2.33188,X,X,X,X,X,X,1291,122,55363
States,New York,2023,12,X,2.18914,X,X,X,X,X,X,1281,121,58516
States,New York,2023,13,X,2.16315,X,X,X,X,X,X,1249,121,57740
States,New York,2023,14,X,1.93375,X,X,X,X,X,X,1056,121,54609
States,New York,2023,15,X,1.7257,X,X,X,X,X,X,917,122,53138
States,New York,2023,16,X,1.52737,X,X,X,X,X,X,892,120,58401
States,New York,2023,17,X,1.58483,X,X,X,X,X,X,907,122,57230
States,New York,2023,18,X,1.1209,X,X,X,X,X,X,579,97,51655
States,New York,2023,19,X,1.39906,X,X,X,X,X,X,967,121,69118
States,New York,2023,20,X,1.71774,X,X,X,X,X,X,1018,120,59264
States,New York,2023,21,X,1.65233,X,X,X,X,X,X,964,118,58342
States,New York,2023,22,X,1.31054,X,X,X,X,X,X,762,118,58144
States,New York,2023,23,X,1.41963,X,X,X,X,X,X,823,118,57973
States,New York,2023,24,X,1.34858,X,X,X,X,X,X,797,116,59099
States,New York,2023,25,X,1.29315,X,X,X,X,X,X,741,117,57302
States,New York,2023,26,X,1.08874,X,X,X,X,X,X,623,118,57222
States,New York,2023,27,X,0.865914,X,X,X,X,X,X,497,118,57396
States,New York,2023,28,X,0.981587,X,X,X,X,X,X,572,118,58273
States,New York,2023,29,X,1.02805,X,X,X,X,X,X,603,118,58655
States,New York,2023,30,X,1.03609,X,X,X,X,X,X,606,118,58489
States,New York,2023,31,X,0.978985,X,X,X,X,X,X,573,118,58530
States,New York,2023,32,X,1.00123,X,X,X,X,X,X,603,118,60226
States,New York,2023,33,X,1.02769,X,X,X,X,X,X,611,117,59454
States,New York,2023,34,X,1.02127,X,X,X,X,X,X,608,116,59534
States,New York,2023,35,X,1.01122,X,X,X,X,X,X,594,118,58741
States,New York,2023,36,X,1.04924,X,X,X,X,X,X,602,118,57375
States,New York,2023,37,X,1.28467,X,X,X,X,X,X,756,118,58848
States,New York,2023,38,X,1.59934,X,X,X,X,X,X,955,118,59712
States,New York,2023,39,X,1.57348,X,X,X,X,X,X,936,118,59486
States,New York,2023,40,X,1.61296,X,X,X,X,X,X,993,121,61564
States,New York,2023,41,X,1.53101,X,X,X,X,X,X,907,124,59242
States,New York,2023,42,X,1.57285,X,X,X,X,X,X,909,122,57793
States,New York,2023,43,X,1.69252,X,X,X,X,X,X,984,123,58138
States,New York,2023,44,X,1.70797,X,X,X,X,X,X,978,123,57261
States,New York,2023,45,X,1.96752,X,X,X,X,X,X,1146,123,58246
States,New York,2023,46,X,2.21594,X,X,X,X,X,X,1301,122,58711
States,New York,2023,47,X,2.36463,X,X,X,X,X,X,1307,123,55273
States,New York,2023,48,X,2.51013,X,X,X,X,X,X,1462,123,58244
States,New York,2023,49,X,2.4827,X,X,X,X,X,X,1331,98,53611
States,New York,2023,50,X,3.0827,X,X,X,X,X,X,1674,99,54303
States,New York,2023,51,X,3.5352,X,X,X,X,X,X,1910,99,54028
States,New York,2023,52,X,4.23452,X,X,X,X,X,X,2226,99,52568
States,New York,2024,1,X,3.52257,X,X,X,X,X,X,1957,99,55556
States,New York,2024,2,X,2.54504,X,X,X,X,X,X,1308,98,51394
States,New York,2024,3,X,2.24634,X,X,X,X,X,X,1072,98,47722
States,New York,2024,4,X,1.68956,X,X,X,X,X,X,1129,99,66822
States,New York,2024,5,X,2.40958,X,X,X,X,X,X,1050,99,43576
States,New York,2024,6,X,2.26655,X,X,X,X,X,X,1193,98,52635
States,New York,2024,7,X,2.34278,X,X,X,X,X,X,1191,99,50837
States,New York,2024,8,X,2.47413,X,X,X,X,X,X,1277,99,51614
States,New York,2024,9,X,2.23167,X,X,X,X,X,X,1160,100,51979
States,New York,2024,10,X,2.00618,X,X,X,X,X,X,1052,99,52438
States,New York,2024,11,X,1.84321,X,X,X,X,X,X,972,99,52734
States,New York,2024,12,X,1.78908,X,X,X,X,X,X,910,98,50864
States,New York,2024,13,X,1.83268,X,X,X,X,X,X,931,98,50800
States,New York,2024,14,X,1.65707,X,X,X,X,X,X,835,96,50390
States,New York,2024,15,X,1.46932,X,X,X,X,X,X,783,98,53290
States,New York,2024,16,X,1.30025,X,X,X,X,X,X,688,96,52913
States,New York,2024,17,X,1.2529,X,X,X,X,X,X,642,96,51241
States,New York,2024,18,X,1.07441,X,X,X,X,X,X,565,94,52587
States,New York,2024,19,X,1.02848,X,X,X,X,X,X,546,96,53088
States,New York,2024,20,X,0.9333,X,X,X,X,X,X,491,92,52609
States,New York,2024,21,X,0.866207,X,X,X,X,X,X,462,94,53336
States,New York,2024,22,X,0.845001,X,X,X,X,X,X,443,94,52426
States,New York,2024,23,X,0.790066,X,X,X,X,X,X,418,93,52907
States,New York,2024,24,X,0.729241,X,X,X,X,X,X,380,93,52109
States,New York,2024,25,X,0.812978,X,X,X,X,X,X,436,93,53630
States,New York,2024,26,X,0.751413,X,X,X,X,X,X,363,92,48309
States,New York,2024,27,X,0.67063,X,X,X,X,X,X,317,92,47269
States,New York,2024,28,X,1.48907,X,X,X,X,X,X,802,116,53859
States,New York,2024,29,X,1.28793,X,X,X,X,X,X,747,115,58000
States,New York,2024,30,X,1.41076,X,X,X,X,X,X,827,115,58621
States,New York,2024,31,X,1.46741,X,X,X,X,X,X,855,116,58266
States,New York,2024,32,X,1.44121,X,X,X,X,X,X,847,116,58770
States,New York,2024,33,X,1.52654,X,X,X,X,X,X,912,116,59743
States,New York,2024,34,X,1.3902,X,X,X,X,X,X,794,116,57114
States,New York,2024,35,X,1.41007,X,X,X,X,X,X,835,116,59217
States,New York,2024,36,X,1.47033,X,X,X,X,X,X,828,115,56314
States,New York,2024,37,X,1.91136,X,X,X,X,X,X,1123,114,58754
States,New York,2024,38,X,2.00103,X,X,X,X,X,X,1205,114,60219
