PERCENTAGE OF VISITS FOR INFLUENZA-LIKE-ILLNESS REPORTED BY SENTINEL PROVIDERS
REGION TYPE,REGION,YEAR,WEEK,% WEIGHTED ILI,%UNWEIGHTED ILI,AGE 0-4,AGE 25-49,AGE 25-64,AGE 5-24,AGE 50-64,AGE 65,ILITOTAL,NUM. OF PROVIDERS,TOTAL PATIENTS
States,New York City,2010,40,X,1.18222,X,X,X,X,X,X,1059,40,89577
States,New York City,2010,41,X,1.4023,X,X,X,X,X,X,1258,41,89710
States,New York City,2010,42,X,1.29124,X,X,X,X,X,X,1175,42,90998
States,New York City,2010,43,X,1.30236,X,X,X,X,X,X,1207,41,92678
States,New York City,2010,44,X,1.51508,X,X,X,X,X,X,1325,42,87454
States,New York City,2010,45,X,1.73829,X,X,X,X,X,X,1557,42,89571
States,New York City,2010,46,X,1.92684,X,X,X,X,X,X,1810,43,93936
States,New York City,2010,47,X,2.33103,X,X,X,X,X,X,1971,43,84555
States,New York City,2010,48,X,2.54207,X,X,X,X,X,X,2411,41,94844
States,New York City,2010,49,X,2.73001,X,X,X,X,X,X,2524,41,92454
States,New York City,2010,50,X,3.28095,X,X,X,X,X,X,3113,41,94881
States,New York City,2010,51,X,4.26261,X,X,X,X,X,X,3819,41,89593
States,New York City,2010,52,X,4.39746,X,X,X,X,X,X,3625,40,82434
States,New York City,2011,1,X,3.31107,X,X,X,X,X,X,3297,40,99575
States,New York City,2011,2,X,3.17028,X,X,X,X,X,X,2840,38,89582
States,New York City,2011,3,X,2.88202,X,X,X,X,X,X,2588,38,89798
States,New York City,2011,4,X,2.66343,X,X,X,X,X,X,2302,40,86430
States,New York City,2011,5,X,2.47319,X,X,X,X,X,X,2198,38,88873
States,New York City,2011,6,X,2.5069,X,X,X,X,X,X,2354,39,93901
States,New York City,2011,7,X,2.60075,X,X,X,X,X,X,2475,39,95165
States,New York City,2011,8,X,2.61527,X,X,X,X,X,X,2397,40,91654
States,New York City,2011,9,X,2.02996,X,X,X,X,X,X,1885,39,92859
States,New York City,2011,10,X,1.87236,X,X,X,X,X,X,1723,36,92023
States,New York City,2011,11,X,1.81647,X,X,X,X,X,X,1676,38,92267
States,New York City,2011,12,X,1.78756,X,X,X,X,X,X,1605,36,89787
States,New York City,2011,13,X,1.78081,X,X,X,X,X,X,1587,37,89117
States,New York City,2011,14,X,1.81267,X,X,X,X,X,X,1657,36,91412
States,New York City,2011,15,X,1.51109,X,X,X,X,X,X,1326,36,87751
States,New York City,2011,16,X,1.53094,X,X,X,X,X,X,1293,35,84458
States,New York City,2011,17,X,1.20351,X,X,X,X,X,X,1073,34,89156
States,New York City,2011,18,X,1.1382,X,X,X,X,X,X,1054,33,92602
States,New York City,2011,19,X,1.19437,X,X,X,X,X,X,1170,33,97960
States,New York City,2011,20,X,1.1343,X,X,X,X,X,X,1018,29,89747
States,New York City,2011,21,X,1.2915,X,X,X,X,X,X,1178,29,91212
States,New York City,2011,22,X,1.17933,X,X,X,X,X,X,1076,30,91238
States,New York City,2011,23,X,1.23374,X,X,X,X,X,X,1104,28,89484
States,New York City,2011,24,X,1.20635,X,X,X,X,X,X,1070,28,88697
States,New York City,2011,25,X,1.02117,X,X,X,X,X,X,908,27,88918
States,New York City,2011,26,X,1.04582,X,X,X,X,X,X,899,25,85961
States,New York City,2011,27,X,0.99031,X,X,X,X,X,X,838,23,84620
States,New York City,2011,28,X,0.851914,X,X,X,X,X,X,729,23,85572
States,New York City,2011,29,X,0.739156,X,X,X,X,X,X,629,24,85097
States,New York City,2011,30,X,0.77875,X,X,X,X,X,X,674,25,86549
States,New York City,2011,31,X,0.767207,X,X,X,X,X,X,630,27,82116
States,New York City,2011,32,X,0.79368,X,X,X,X,X,X,653,27,82275
States,New York City,2011,33,X,0.796782,X,X,X,X,X,X,620,26,77813
States,New York City,2011,34,X,0.85468,X,X,X,X,X,X,693,26,81083
States,New York City,2011,35,X,0.794999,X,X,X,X,X,X,641,27,80629
States,New York City,2011,36,X,0.797847,X,X,X,X,X,X,670,27,83976
States,New York City,2011,37,X,0.881381,X,X,X,X,X,X,768,29,87136
States,New York City,2011,38,X,0.837761,X,X,X,X,X,X,749,27,89405
States,New York City,2011,39,X,1.10942,X,X,X,X,X,X,1023,26,92210
States,New York City,2011,40,X,1.50103,X,X,X,X,X,X,1544,98,102863
States,New York City,2011,41,X,1.70548,X,X,X,X,X,X,1743,97,102200
States,New York City,2011,42,X,1.69853,X,X,X,X,X,X,1703,96,100263
States,New York City,2011,43,X,1.74476,X,X,X,X,X,X,1718,96,98466
States,New York City,2011,44,X,2.07693,X,X,X,X,X,X,2080,93,100148
States,New York City,2011,45,X,2.0803,X,X,X,X,X,X,2131,93,102437
States,New York City,2011,46,X,2.08287,X,X,X,X,X,X,2156,93,103511
States,New York City,2011,47,X,2.4584,X,X,X,X,X,X,2216,93,90140
States,New York City,2011,48,X,2.4683,X,X,X,X,X,X,2517,89,101973
States,New York City,2011,49,X,2.51266,X,X,X,X,X,X,2586,96,102919
States,New York City,2011,50,X,2.52157,X,X,X,X,X,X,2592,94,102793
States,New York City,2011,51,X,2.76592,X,X,X,X,X,X,2690,94,97255
States,New York City,2011,52,X,2.77299,X,X,X,X,X,X,2606,90,93978
States,New York City,2012,1,X,2.47646,X,X,X,X,X,X,2525,95,101960
States,New York City,2012,2,X,2.00634,X,X,X,X,X,X,2032,93,101279
States,New York City,2012,3,X,2.17501,X,X,X,X,X,X,2105,92,96781
States,New York City,2012,4,X,2.09783,X,X,X,X,X,X,2041,90,97291
States,New York City,2012,5,X,2.07838,X,X,X,X,X,X,2030,91,97672
States,New York City,2012,6,X,2.03964,X,X,X,X,X,X,2017,90,98890
States,New York City,2012,7,X,2.08228,X,X,X,X,X,X,2052,90,98546
States,New York City,2012,8,X,2.26111,X,X,X,X,X,X,2230,92,98624
States,New York City,2012,9,X,2.05097,X,X,X,X,X,X,2057,87,100294
States,New York City,2012,10,X,1.97496,X,X,X,X,X,X,2044,84,103496
States,New York City,2012,11,X,2.17971,X,X,X,X,X,X,2304,87,105702
States,New York City,2012,12,X,2.0823,X,X,X,X,X,X,2216,86,106421
States,New York City,2012,13,X,2.01098,X,X,X,X,X,X,2059,82,102388
States,New York City,2012,14,X,2.06684,X,X,X,X,X,X,2041,75,98750
States,New York City,2012,15,X,1.93912,X,X,X,X,X,X,1904,77,98189
States,New York City,2012,16,X,1.74484,X,X,X,X,X,X,1875,75,107460
States,New York City,2012,17,X,1.56293,X,X,X,X,X,X,1532,80,98021
States,New York City,2012,18,X,1.68538,X,X,X,X,X,X,1644,77,97545
States,New York City,2012,19,X,1.77798,X,X,X,X,X,X,1794,80,100901
States,New York City,2012,20,X,1.64471,X,X,X,X,X,X,1672,79,101659
States,New York City,2012,21,X,1.59546,X,X,X,X,X,X,1576,78,98780
States,New York City,2012,22,X,1.49906,X,X,X,X,X,X,1471,79,98128
States,New York City,2012,23,X,1.48473,X,X,X,X,X,X,1471,80,99075
States,New York City,2012,24,X,1.45167,X,X,X,X,X,X,1432,77,98645
States,New York City,2012,25,X,1.54553,X,X,X,X,X,X,1507,75,97507
States,New York City,2012,26,X,1.52182,X,X,X,X,X,X,1507,73,99026
States,New York City,2012,27,X,1.37382,X,X,X,X,X,X,1308,73,95209
States,New York City,2012,28,X,1.38497,X,X,X,X,X,X,1375,78,99280
States,New York City,2012,29,X,1.27012,X,X,X,X,X,X,1198,76,94322
States,New York City,2012,30,X,1.17396,X,X,X,X,X,X,1123,76,95659
States,New York City,2012,31,X,1.10202,X,X,X,X,X,X,1011,65,91741
States,New York City,2012,32,X,1.01143,X,X,X,X,X,X,978,75,96695
States,New York City,2012,33,X,1.06097,X,X,X,X,X,X,979,65,92274
States,New York City,2012,34,X,1.24091,X,X,X,X,X,X,1172,65,94447
States,New York City,2012,35,X,1.0461,X,X,X,X,X,X,959,60,91674
States,New York City,2012,36,X,1.09383,X,X,X,X,X,X,1010,63,92336
States,New York City,2012,37,X,1.26664,X,X,X,X,X,X,1201,69,94818
States,New York City,2012,38,X,1.46317,X,X,X,X,X,X,1374,63,93906
States,New York City,2012,39,X,1.41944,X,X,X,X,X,X,1354,67,95390
States,New York City,2012,40,X,1.45904,X,X,X,X,X,X,1453,84,99586
States,New York City,2012,41,X,1.58339,X,X,X,X,X,X,1555,84,98207
States,New York City,2012,42,X,1.62795,X,X,X,X,X,X,1691,89,103873
States,New York City,2012,43,X,1.70925,X,X,X,X,X,X,1750,85,102384
States,New York City,2012,44,X,1.82661,X,X,X,X,X,X,1450,72,79382
States,New York City,2012,45,X,1.59117,X,X,X,X,X,X,1438,83,90374
States,New York City,2012,46,X,1.69433,X,X,X,X,X,X,1627,85,96026
States,New York City,2012,47,X,2.1401,X,X,X,X,X,X,1900,81,88781
States,New York City,2012,48,X,2.33752,X,X,X,X,X,X,2367,84,101261
States,New York City,2012,49,X,2.85764,X,X,X,X,X,X,2939,79,102847
States,New York City,2012,50,X,3.29368,X,X,X,X,X,X,3411,77,103562
States,New York City,2012,51,X,4.09728,X,X,X,X,X,X,4318,83,105387
States,New York City,2012,52,X,5.05315,X,X,X,X,X,X,4701,79,93031
States,New York City,2013,1,X,4.79065,X,X,X,X,X,X,4785,75,99882
States,New York City,2013,2,X,5.52524,X,X,X,X,X,X,5963,73,107923
States,New York City,2013,3,X,6.13491,X,X,X,X,X,X,6543,77,106652
States,New York City,2013,4,X,5.14435,X,X,X,X,X,X,4918,76,95600
States,New York City,2013,5,X,4.19967,X,X,X,X,X,X,4120,74,98103
States,New York City,2013,6,X,3.75588,X,X,X,X,X,X,3442,66,91643
States,New York City,2013,7,X,3.05157,X,X,X,X,X,X,2883,61,94476
States,New York City,2013,8,X,3.40389,X,X,X,X,X,X,3189,74,93687
States,New York City,2013,9,X,2.91814,X,X,X,X,X,X,2843,74,97425
States,New York City,2013,10,X,3.02633,X,X,X,X,X,X,2931,74,96850
States,New York City,2013,11,X,2.73555,X,X,X,X,X,X,2694,74,98481
States,New York City,2013,12,X,2.58595,X,X,X,X,X,X,2464,69,95284
States,New York City,2013,13,X,2.34374,X,X,X,X,X,X,2182,72,93099
States,New York City,2013,14,X,2.06217,X,X,X,X,X,X,1957,70,94900
States,New York City,2013,15,X,1.72724,X,X,X,X,X,X,1690,70,97844
States,New York City,2013,16,X,1.72304,X,X,X,X,X,X,1685,66,97792
States,New York City,2013,17,X,1.64981,X,X,X,X,X,X,1551,59,94011
States,New York City,2013,18,X,1.64971,X,X,X,X,X,X,1597,60,96805
States,New York City,2013,19,X,1.61222,X,X,X,X,X,X,1560,59,96761
States,New York City,2013,20,X,1.53328,X,X,X,X,X,X,1522,66,99264
States,New York City,2013,21,X,1.47278,X,X,X,X,X,X,1392,55,94515
States,New York City,2013,22,X,1.47378,X,X,X,X,X,X,1343,62,91126
States,New York City,2013,23,X,1.30581,X,X,X,X,X,X,1228,61,94041
States,New York City,2013,24,X,1.37941,X,X,X,X,X,X,1282,62,92938
States,New York City,2013,25,X,1.31122,X,X,X,X,X,X,1243,62,94797
States,New York City,2013,26,X,1.17955,X,X,X,X,X,X,1092,52,92578
States,New York City,2013,27,X,1.23853,X,X,X,X,X,X,1108,49,89461
States,New York City,2013,28,X,1.14439,X,X,X,X,X,X,1090,58,95247
States,New York City,2013,29,X,1.06048,X,X,X,X,X,X,991,62,93448
States,New York City,2013,30,X,0.98942,X,X,X,X,X,X,894,51,90356
States,New York City,2013,31,X,0.995388,X,X,X,X,X,X,872,50,87604
States,New York City,2013,32,X,0.902398,X,X,X,X,X,X,782,41,86658
States,New York City,2013,33,X,0.801465,X,X,X,X,X,X,687,40,85718
States,New York City,2013,34,X,0.875043,X,X,X,X,X,X,732,37,83653
States,New York City,2013,35,X,0.846482,X,X,X,X,X,X,728,48,86003
States,New York City,2013,36,X,0.843707,X,X,X,X,X,X,734,46,86997
States,New York City,2013,37,X,0.919671,X,X,X,X,X,X,806,47,87640
States,New York City,2013,38,X,1.30989,X,X,X,X,X,X,1209,58,92298
States,New York City,2013,39,X,1.55648,X,X,X,X,X,X,1483,59,95279
States,New York City,2013,40,X,1.52274,X,X,X,X,X,X,1496,61,98244
States,New York City,2013,41,X,1.42045,X,X,X,X,X,X,1354,62,95322
States,New York City,2013,42,X,1.50881,X,X,X,X,X,X,1453,71,96301
States,New York City,2013,43,X,1.69964,X,X,X,X,X,X,1646,71,96844
States,New York City,2013,44,X,1.81474,X,X,X,X,X,X,1717,70,94614
States,New York City,2013,45,X,1.90385,X,X,X,X,X,X,1744,73,91604
States,New York City,2013,46,X,1.95433,X,X,X,X,X,X,1787,71,91438
States,New York City,2013,47,X,2.06103,X,X,X,X,X,X,1927,71,93497
States,New York City,2013,48,X,2.41456,X,X,X,X,X,X,1976,73,81837
States,New York City,2013,49,X,2.56005,X,X,X,X,X,X,2541,76,99256
States,New York City,2013,50,X,2.6628,X,X,X,X,X,X,2377,71,89267
States,New York City,2013,51,X,2.87206,X,X,X,X,X,X,2679,73,93278
States,New York City,2013,52,X,3.51214,X,X,X,X,X,X,2979,68,84820
States,New York City,2014,1,X,3.54888,X,X,X,X,X,X,2850,68,80307
States,New York City,2014,2,X,2.93798,X,X,X,X,X,X,2783,70,94725
States,New York City,2014,3,X,3.1625,X,X,X,X,X,X,3062,69,96822
States,New York City,2014,4,X,3.09483,X,X,X,X,X,X,2651,72,85659
States,New York City,2014,5,X,2.66786,X,X,X,X,X,X,2388,71,89510
States,New York City,2014,6,X,2.58455,X,X,X,X,X,X,2337,70,90422
States,New York City,2014,7,X,2.37673,X,X,X,X,X,X,2011,66,84612
States,New York City,2014,8,X,2.28816,X,X,X,X,X,X,2055,68,89810
States,New York City,2014,9,X,2.01194,X,X,X,X,X,X,1834,68,91156
States,New York City,2014,10,X,2.41774,X,X,X,X,X,X,2191,61,90622
States,New York City,2014,11,X,2.8097,X,X,X,X,X,X,2748,58,97804
States,New York City,2014,12,X,3.5795,X,X,X,X,X,X,3627,70,101327
States,New York City,2014,13,X,3.74441,X,X,X,X,X,X,3962,66,105811
States,New York City,2014,14,X,3.63529,X,X,X,X,X,X,3812,64,104861
States,New York City,2014,15,X,3.27608,X,X,X,X,X,X,3418,65,104332
States,New York City,2014,16,X,2.52071,X,X,X,X,X,X,2404,61,95370
States,New York City,2014,17,X,1.9973,X,X,X,X,X,X,1923,65,96280
States,New York City,2014,18,X,1.64839,X,X,X,X,X,X,1550,65,94031
States,New York City,2014,19,X,1.66449,X,X,X,X,X,X,1671,66,100391
States,New York City,2014,20,X,1.55204,X,X,X,X,X,X,1591,63,102510
States,New York City,2014,21,X,1.57367,X,X,X,X,X,X,1572,62,99894
States,New York City,2014,22,X,1.54584,X,X,X,X,X,X,1454,57,94059
States,New York City,2014,23,X,1.49711,X,X,X,X,X,X,1417,59,94649
States,New York City,2014,24,X,1.31701,X,X,X,X,X,X,1252,55,95064
States,New York City,2014,25,X,1.60143,X,X,X,X,X,X,1538,60,96039
States,New York City,2014,26,X,1.48212,X,X,X,X,X,X,1425,60,96146
States,New York City,2014,27,X,1.40725,X,X,X,X,X,X,1274,59,90531
States,New York City,2014,28,X,1.23012,X,X,X,X,X,X,1185,60,96332
States,New York City,2014,29,X,1.11591,X,X,X,X,X,X,1047,58,93825
States,New York City,2014,30,X,1.04352,X,X,X,X,X,X,981,58,94009
States,New York City,2014,31,X,1.09667,X,X,X,X,X,X,1022,58,93191
States,New York City,2014,32,X,1.07978,X,X,X,X,X,X,1013,59,93815
States,New York City,2014,33,X,1.06601,X,X,X,X,X,X,992,60,93057
States,New York City,2014,34,X,1.0006,X,X,X,X,X,X,930,63,92944
States,New York City,2014,35,X,0.916645,X,X,X,X,X,X,845,61,92184
States,New York City,2014,36,X,0.941927,X,X,X,X,X,X,889,63,94381
States,New York City,2014,37,X,1.10362,X,X,X,X,X,X,1061,63,96138
States,New York City,2014,38,X,1.61514,X,X,X,X,X,X,1652,62,102282
States,New York City,2014,39,X,1.60663,X,X,X,X,X,X,1619,62,100770
States,New York City,2014,40,X,1.54549,X,X,X,X,X,X,1613,94,104368
States,New York City,2014,41,X,1.61982,X,X,X,X,X,X,1621,80,100073
States,New York City,2014,42,X,1.73901,X,X,X,X,X,X,1742,94,100172
States,New York City,2014,43,X,1.72474,X,X,X,X,X,X,1727,93,100131
States,New York City,2014,44,X,1.79443,X,X,X,X,X,X,1798,95,100199
States,New York City,2014,45,X,1.87235,X,X,X,X,X,X,1884,95,100622
States,New York City,2014,46,X,1.77205,X,X,X,X,X,X,1695,61,95652
States,New York City,2014,47,X,1.88456,X,X,X,X,X,X,1753,94,93019
States,New York City,2014,48,X,2.09412,X,X,X,X,X,X,1849,96,88295
States,New York City,2014,49,X,2.24143,X,X,X,X,X,X,2324,96,103684
States,New York City,2014,50,X,2.39186,X,X,X,X,X,X,2385,89,99713
States,New York City,2014,51,X,2.57445,X,X,X,X,X,X,2673,93,103828
States,New York City,2014,52,X,3.29122,X,X,X,X,X,X,3079,91,93552
States,New York City,2014,53,X,3.4571,X,X,X,X,X,X,3269,66,94559
States,New York City,2015,1,X,2.97957,X,X,X,X,X,X,3029,93,101659
States,New York City,2015,2,X,3.23343,X,X,X,X,X,X,3364,92,104038
States,New York City,2015,3,X,3.53847,X,X,X,X,X,X,3861,94,109115
States,New York City,2015,4,X,3.17927,X,X,X,X,X,X,2982,83,93795
States,New York City,2015,5,X,2.99822,X,X,X,X,X,X,2903,93,96824
States,New York City,2015,6,X,2.65508,X,X,X,X,X,X,2587,86,97436
States,New York City,2015,7,X,2.14247,X,X,X,X,X,X,1899,80,88636
States,New York City,2015,8,X,1.85326,X,X,X,X,X,X,1849,95,99770
States,New York City,2015,9,X,1.62769,X,X,X,X,X,X,1545,88,94920
States,New York City,2015,10,X,1.72961,X,X,X,X,X,X,1788,93,103376
States,New York City,2015,11,X,1.75095,X,X,X,X,X,X,1697,93,96919
States,New York City,2015,12,X,1.90063,X,X,X,X,X,X,1887,91,99283
States,New York City,2015,13,X,1.84952,X,X,X,X,X,X,1810,83,97863
States,New York City,2015,14,X,1.67838,X,X,X,X,X,X,1631,89,97177
States,New York City,2015,15,X,1.41306,X,X,X,X,X,X,1438,87,101765
States,New York City,2015,16,X,1.47683,X,X,X,X,X,X,1454,83,98454
States,New York City,2015,17,X,1.47229,X,X,X,X,X,X,1466,84,99573
States,New York City,2015,18,X,1.58144,X,X,X,X,X,X,1697,85,107307
States,New York City,2015,19,X,1.50672,X,X,X,X,X,X,1586,84,105262
States,New York City,2015,20,X,1.60494,X,X,X,X,X,X,1616,85,100689
States,New York City,2015,21,X,1.55348,X,X,X,X,X,X,1483,73,95463
States,New York City,2015,22,X,1.3896,X,X,X,X,X,X,1330,83,95711
States,New York City,2015,23,X,1.43984,X,X,X,X,X,X,1460,83,101400
States,New York City,2015,24,X,1.19085,X,X,X,X,X,X,1187,80,99677
States,New York City,2015,25,X,1.35141,X,X,X,X,X,X,1305,82,96566
States,New York City,2015,26,X,1.26974,X,X,X,X,X,X,1146,80,90255
States,New York City,2015,27,X,1.02627,X,X,X,X,X,X,1000,80,97440
States,New York City,2015,28,X,1.00334,X,X,X,X,X,X,963,80,95979
States,New York City,2015,29,X,0.983771,X,X,X,X,X,X,942,83,95754
States,New York City,2015,30,X,1.10546,X,X,X,X,X,X,1069,83,96702
States,New York City,2015,31,X,1.16756,X,X,X,X,X,X,1148,82,98325
States,New York City,2015,32,X,1.0448,X,X,X,X,X,X,1015,79,97148
States,New York City,2015,33,X,1.01007,X,X,X,X,X,X,982,79,97221
States,New York City,2015,34,X,0.946831,X,X,X,X,X,X,918,79,96955
States,New York City,2015,35,X,0.941907,X,X,X,X,X,X,925,79,98205
States,New York City,2015,36,X,0.92019,X,X,X,X,X,X,872,77,94763
States,New York City,2015,37,X,1.12442,X,X,X,X,X,X,1130,80,100496
States,New York City,2015,38,X,1.26741,X,X,X,X,X,X,1281,86,101072
States,New York City,2015,39,X,1.23467,X,X,X,X,X,X,1179,78,95491
States,New York City,2015,40,X,1.23738,X,X,X,X,X,X,1259,87,101747
States,New York City,2015,41,X,1.37565,X,X,X,X,X,X,1404,86,102061
States,New York City,2015,42,X,1.48518,X,X,X,X,X,X,1485,85,99988
States,New York City,2015,43,X,1.45772,X,X,X,X,X,X,1426,91,97824
States,New York City,2015,44,X,1.44121,X,X,X,X,X,X,1484,92,102969
States,New York City,2015,45,X,1.50803,X,X,X,X,X,X,1507,90,99932
States,New York City,2015,46,X,1.68278,X,X,X,X,X,X,1673,80,99419
States,New York City,2015,47,X,1.78267,X,X,X,X,X,X,1619,80,90819
States,New York City,2015,48,X,2.05034,X,X,X,X,X,X,2135,90,104129
States,New York City,2015,49,X,2.2349,X,X,X,X,X,X,2334,88,104434
States,New York City,2015,50,X,2.35569,X,X,X,X,X,X,2467,91,104725
States,New York City,2015,51,X,2.72745,X,X,X,X,X,X,2520,92,92394
States,New York City,2015,52,X,2.91514,X,X,X,X,X,X,2776,86,95227
States,New York City,2016,1,X,2.38171,X,X,X,X,X,X,2463,90,103413
States,New York City,2016,2,X,2.23068,X,X,X,X,X,X,2268,91,101673
States,New York City,2016,3,X,2.26008,X,X,X,X,X,X,2149,91,95085
States,New York City,2016,4,X,2.43412,X,X,X,X,X,X,2519,92,103487
States,New York City,2016,5,X,2.59917,X,X,X,X,X,X,2788,94,107265
States,New York City,2016,6,X,3.00798,X,X,X,X,X,X,3071,90,102095
States,New York City,2016,7,X,3.26483,X,X,X,X,X,X,3303,88,101169
States,New York City,2016,8,X,3.18542,X,X,X,X,X,X,3450,82,108306
States,New York City,2016,9,X,3.45799,X,X,X,X,X,X,3767,90,108936
States,New York City,2016,10,X,3.88275,X,X,X,X,X,X,4399,87,113296
States,New York City,2016,11,X,3.28136,X,X,X,X,X,X,3508,90,106907
States,New York City,2016,12,X,2.97008,X,X,X,X,X,X,3050,83,102691
States,New York City,2016,13,X,2.6039,X,X,X,X,X,X,2654,84,101924
States,New York City,2016,14,X,2.16411,X,X,X,X,X,X,2122,87,98054
States,New York City,2016,15,X,2.22609,X,X,X,X,X,X,2236,88,100445
States,New York City,2016,16,X,2.21985,X,X,X,X,X,X,2248,89,101268
States,New York City,2016,17,X,1.90698,X,X,X,X,X,X,1816,76,95229
States,New York City,2016,18,X,1.54808,X,X,X,X,X,X,1491,88,96313
States,New York City,2016,19,X,1.5466,X,X,X,X,X,X,1532,89,99056
States,New York City,2016,20,X,1.42314,X,X,X,X,X,X,1415,87,99428
States,New York City,2016,21,X,1.41027,X,X,X,X,X,X,1277,45,90550
States,New York City,2016,22,X,1.33189,X,X,X,X,X,X,1303,87,97831
States,New York City,2016,23,X,1.28153,X,X,X,X,X,X,1284,85,100193
States,New York City,2016,24,X,1.26197,X,X,X,X,X,X,1222,88,96833
States,New York City,2016,25,X,1.20967,X,X,X,X,X,X,1224,86,101185
States,New York City,2016,26,X,1.14689,X,X,X,X,X,X,1125,83,98091
States,New York City,2016,27,X,1.01818,X,X,X,X,X,X,956,77,93893
States,New York City,2016,28,X,0.93429,X,X,X,X,X,X,936,84,100183
States,New York City,2016,29,X,1.12179,X,X,X,X,X,X,1118,81,99662
States,New York City,2016,30,X,1.07888,X,X,X,X,X,X,1066,89,98806
States,New York City,2016,31,X,1.0713,X,X,X,X,X,X,1051,83,98105
States,New York City,2016,32,X,1.02695,X,X,X,X,X,X,1016,82,98934
States,New York City,2016,33,X,0.974464,X,X,X,X,X,X,946,77,97079
States,New York City,2016,34,X,1.10199,X,X,X,X,X,X,1074,79,97460
States,New York City,2016,35,X,1.01484,X,X,X,X,X,X,1003,82,98833
States,New York City,2016,36,X,0.925212,X,X,X,X,X,X,900,79,97275
States,New York City,2016,37,X,1.01259,X,X,X,X,X,X,1036,78,102312
States,New York City,2016,38,X,1.32314,X,X,X,X,X,X,1383,78,104524
States,New York City,2016,39,X,1.48174,X,X,X,X,X,X,1456,81,98263
States,New York City,2016,40,X,1.52094,X,X,X,X,X,X,1504,78,98886
States,New York City,2016,41,X,1.50792,X,X,X,X,X,X,1491,75,98878
States,New York City,2016,42,X,1.61301,X,X,X,X,X,X,1659,78,102851
States,New York City,2016,43,X,1.66295,X,X,X,X,X,X,1627,82,97838
States,New York City,2016,44,X,1.90913,X,X,X,X,X,X,1929,79,101041
States,New York City,2016,45,X,2.06473,X,X,X,X,X,X,2044,78,98996
States,New York City,2016,46,X,2.09269,X,X,X,X,X,X,2143,76,102404
States,New York City,2016,47,X,2.40664,X,X,X,X,X,X,2124,80,88256
States,New York City,2016,48,X,2.40428,X,X,X,X,X,X,2464,70,102484
States,New York City,2016,49,X,2.66627,X,X,X,X,X,X,2779,83,104228
States,New York City,2016,50,X,2.99057,X,X,X,X,X,X,3020,81,100984
States,New York City,2016,51,X,3.70624,X,X,X,X,X,X,3896,86,105120
States,New York City,2016,52,X,4.75291,X,X,X,X,X,X,4859,65,102232
States,New York City,2017,1,X,3.58987,X,X,X,X,X,X,3776,73,105185
States,New York City,2017,2,X,3.64388,X,X,X,X,X,X,3774,72,103571
States,New York City,2017,3,X,4.0849,X,X,X,X,X,X,4359,78,106710
States,New York City,2017,4,X,3.86655,X,X,X,X,X,X,4091,86,105805
States,New York City,2017,5,X,3.75647,X,X,X,X,X,X,3892,88,103608
States,New York City,2017,6,X,3.73489,X,X,X,X,X,X,3744,84,100244
States,New York City,2017,7,X,2.99254,X,X,X,X,X,X,3016,76,100784
States,New York City,2017,8,X,2.68279,X,X,X,X,X,X,2655,75,98964
States,New York City,2017,9,X,2.17591,X,X,X,X,X,X,2157,83,99131
States,New York City,2017,10,X,1.90741,X,X,X,X,X,X,1829,71,95889
States,New York City,2017,11,X,2.07658,X,X,X,X,X,X,1890,80,91015
States,New York City,2017,12,X,2.09783,X,X,X,X,X,X,2185,83,104155
States,New York City,2017,13,X,2.50397,X,X,X,X,X,X,2602,84,103915
States,New York City,2017,14,X,2.43152,X,X,X,X,X,X,2569,81,105654
States,New York City,2017,15,X,2.19451,X,X,X,X,X,X,2189,79,99749
States,New York City,2017,16,X,1.76737,X,X,X,X,X,X,1801,81,101903
States,New York City,2017,17,X,1.58041,X,X,X,X,X,X,1626,82,102885
States,New York City,2017,18,X,1.49119,X,X,X,X,X,X,1558,80,104480
States,New York City,2017,19,X,1.69646,X,X,X,X,X,X,1773,82,104512
States,New York City,2017,20,X,1.74635,X,X,X,X,X,X,1827,80,104618
States,New York City,2017,21,X,1.46691,X,X,X,X,X,X,1461,73,99597
States,New York City,2017,22,X,1.60678,X,X,X,X,X,X,1569,83,97649
States,New York City,2017,23,X,1.7015,X,X,X,X,X,X,1716,81,100852
States,New York City,2017,24,X,1.40884,X,X,X,X,X,X,1423,77,101005
States,New York City,2017,25,X,1.32519,X,X,X,X,X,X,1306,52,98552
States,New York City,2017,26,X,1.33116,X,X,X,X,X,X,1329,81,99838
States,New York City,2017,27,X,1.35496,X,X,X,X,X,X,1237,78,91294
States,New York City,2017,28,X,1.13887,X,X,X,X,X,X,1067,67,93689
States,New York City,2017,29,X,1.06683,X,X,X,X,X,X,1013,70,94954
States,New York City,2017,30,X,1.136,X,X,X,X,X,X,1053,69,92694
States,New York City,2017,31,X,1.10074,X,X,X,X,X,X,1011,69,91847
States,New York City,2017,32,X,1.14798,X,X,X,X,X,X,1056,69,91988
States,New York City,2017,33,X,1.02766,X,X,X,X,X,X,904,70,87967
States,New York City,2017,34,X,1.07071,X,X,X,X,X,X,962,69,89847
States,New York City,2017,35,X,1.10389,X,X,X,X,X,X,982,67,88958
States,New York City,2017,36,X,1.03898,X,X,X,X,X,X,937,67,90185
States,New York City,2017,37,X,1.18334,X,X,X,X,X,X,1164,67,98366
States,New York City,2017,38,X,1.44513,X,X,X,X,X,X,1396,70,96600
States,New York City,2017,39,X,1.36351,X,X,X,X,X,X,1394,71,102236
States,New York City,2017,40,X,1.31333,X,X,X,X,X,X,1337,78,101802
States,New York City,2017,41,X,1.43478,X,X,X,X,X,X,1453,75,101270
States,New York City,2017,42,X,1.62815,X,X,X,X,X,X,1684,77,103430
States,New York City,2017,43,X,1.73179,X,X,X,X,X,X,1798,78,103823
States,New York City,2017,44,X,1.75785,X,X,X,X,X,X,1772,77,100805
States,New York City,2017,45,X,1.70506,X,X,X,X,X,X,1707,74,100114
States,New York City,2017,46,X,2.28041,X,X,X,X,X,X,2342,78,102701
States,New York City,2017,47,X,2.11503,X,X,X,X,X,X,1974,77,93332
States,New York City,2017,48,X,1.73613,X,X,X,X,X,X,1870,79,107711
States,New York City,2017,49,X,2.52512,X,X,X,X,X,X,2611,75,103401
States,New York City,2017,50,X,2.61228,X,X,X,X,X,X,2543,73,97348
States,New York City,2017,51,X,3.03445,X,X,X,X,X,X,3060,73,100842
States,New York City,2017,52,X,3.6026,X,X,X,X,X,X,3273,67,90851
States,New York City,2018,1,X,3.60085,X,X,X,X,X,X,3221,73,89451
States,New York City,2018,2,X,3.81133,X,X,X,X,X,X,4167,76,109332
States,New York City,2018,3,X,5.14838,X,X,X,X,X,X,5666,75,110054
States,New York City,2018,4,X,6.39478,X,X,X,X,X,X,7542,74,117940
States,New York City,2018,5,X,7.5074,X,X,X,X,X,X,8829,74,117604
States,New York City,2018,6,X,8.45818,X,X,X,X,X,X,10196,73,120546
States,New York City,2018,7,X,8.36329,X,X,X,X,X,X,8981,40,107386
States,New York City,2018,8,X,5.9571,X,X,X,X,X,X,6376,74,107032
States,New York City,2018,9,X,3.55216,X,X,X,X,X,X,3278,39,92282
States,New York City,2018,10,X,2.79972,X,X,X,X,X,X,2711,72,96831
States,New York City,2018,11,X,2.39802,X,X,X,X,X,X,2398,75,99999
States,New York City,2018,12,X,2.40825,X,X,X,X,X,X,2334,73,96917
States,New York City,2018,13,X,2.25106,X,X,X,X,X,X,2231,72,99109
States,New York City,2018,14,X,1.90031,X,X,X,X,X,X,1811,72,95300
States,New York City,2018,15,X,1.72544,X,X,X,X,X,X,1736,73,100612
States,New York City,2018,16,X,1.62757,X,X,X,X,X,X,1555,71,95541
States,New York City,2018,17,X,1.62306,X,X,X,X,X,X,1649,73,101598
States,New York City,2018,18,X,1.64429,X,X,X,X,X,X,1726,72,104969
States,New York City,2018,19,X,1.5639,X,X,X,X,X,X,1705,69,109022
States,New York City,2018,20,X,1.59395,X,X,X,X,X,X,1618,67,101509
States,New York City,2018,21,X,1.65279,X,X,X,X,X,X,1703,67,103038
States,New York City,2018,22,X,1.57449,X,X,X,X,X,X,1424,34,90442
States,New York City,2018,23,X,1.56583,X,X,X,X,X,X,1573,69,100458
States,New York City,2018,24,X,1.48538,X,X,X,X,X,X,1474,71,99234
States,New York City,2018,25,X,1.31214,X,X,X,X,X,X,1301,70,99151
States,New York City,2018,26,X,1.22518,X,X,X,X,X,X,1183,69,96557
States,New York City,2018,27,X,1.06748,X,X,X,X,X,X,989,66,92648
States,New York City,2018,28,X,1.11572,X,X,X,X,X,X,1097,69,98322
States,New York City,2018,29,X,1.04192,X,X,X,X,X,X,1010,68,96936
States,New York City,2018,30,X,0.880769,X,X,X,X,X,X,834,69,94690
States,New York City,2018,31,X,0.957264,X,X,X,X,X,X,926,67,96734
States,New York City,2018,32,X,1.0129,X,X,X,X,X,X,983,67,97048
States,New York City,2018,33,X,1.02171,X,X,X,X,X,X,958,63,93764
States,New York City,2018,34,X,1.01129,X,X,X,X,X,X,923,60,91270
States,New York City,2018,35,X,1.03302,X,X,X,X,X,X,966,64,93512
States,New York City,2018,36,X,1.04878,X,X,X,X,X,X,1002,67,95540
States,New York City,2018,37,X,1.21375,X,X,X,X,X,X,1184,68,97549
States,New York City,2018,38,X,1.60103,X,X,X,X,X,X,1640,65,102434
States,New York City,2018,39,X,1.7731,X,X,X,X,X,X,1772,65,99938
States,New York City,2018,40,X,1.95776,X,X,X,X,X,X,2029,75,103639
States,New York City,2018,41,X,1.9689,X,X,X,X,X,X,2045,74,103865
States,New York City,2018,42,X,2.21946,X,X,X,X,X,X,2200,72,99123
States,New York City,2018,43,X,2.47785,X,X,X,X,X,X,2391,75,96495
States,New York City,2018,44,X,2.20747,X,X,X,X,X,X,2158,71,97759
States,New York City,2018,45,X,2.33282,X,X,X,X,X,X,2257,76,96750
States,New York City,2018,46,X,2.49968,X,X,X,X,X,X,2324,77,92972
States,New York City,2018,47,X,2.80335,X,X,X,X,X,X,2442,75,87110
States,New York City,2018,48,X,2.56278,X,X,X,X,X,X,2575,76,100477
States,New York City,2018,49,X,2.8452,X,X,X,X,X,X,2818,74,99044
States,New York City,2018,50,X,3.21095,X,X,X,X,X,X,3187,71,99254
States,New York City,2018,51,X,3.72957,X,X,X,X,X,X,3600,70,96526
States,New York City,2018,52,X,4.46226,X,X,X,X,X,X,4096,63,91792
States,New York City,2019,1,X,4.04237,X,X,X,X,X,X,3839,67,94969
States,New York City,2019,2,X,3.63834,X,X,X,X,X,X,3488,70,95868
States,New York City,2019,3,X,4.05701,X,X,X,X,X,X,4002,70,98644
States,New York City,2019,4,X,4.19343,X,X,X,X,X,X,3976,71,94815
States,New York City,2019,5,X,4.15692,X,X,X,X,X,X,3962,71,95311
States,New York City,2019,6,X,4.18832,X,X,X,X,X,X,4224,74,100852
States,New York City,2019,7,X,4.17031,X,X,X,X,X,X,4054,72,97211
States,New York City,2019,8,X,3.87701,X,X,X,X,X,X,3682,75,94970
States,New York City,2019,9,X,2.91775,X,X,X,X,X,X,2773,75,95039
States,New York City,2019,10,X,2.92943,X,X,X,X,X,X,2772,71,94626
States,New York City,2019,11,X,2.83649,X,X,X,X,X,X,2864,76,100970
States,New York City,2019,12,X,2.7274,X,X,X,X,X,X,2689,67,98592
States,New York City,2019,13,X,2.52201,X,X,X,X,X,X,2507,68,99405
States,New York City,2019,14,X,2.51582,X,X,X,X,X,X,2441,69,97026
States,New York City,2019,15,X,2.38975,X,X,X,X,X,X,2166,35,90637
States,New York City,2019,16,X,2.15692,X,X,X,X,X,X,1901,38,88135
States,New York City,2019,17,X,1.82438,X,X,X,X,X,X,1535,34,84138
States,New York City,2019,18,X,1.72038,X,X,X,X,X,X,1509,37,87713
States,New York City,2019,19,X,1.60762,X,X,X,X,X,X,1427,36,88765
States,New York City,2019,20,X,1.63089,X,X,X,X,X,X,1426,36,87437
States,New York City,2019,21,X,1.77912,X,X,X,X,X,X,1581,35,88864
States,New York City,2019,22,X,1.73971,X,X,X,X,X,X,1520,34,87371
States,New York City,2019,23,X,1.74756,X,X,X,X,X,X,1684,71,96363
States,New York City,2019,24,X,1.71755,X,X,X,X,X,X,1653,72,96242
States,New York City,2019,25,X,1.41694,X,X,X,X,X,X,1239,34,87442
States,New York City,2019,26,X,1.44688,X,X,X,X,X,X,1261,36,87153
States,New York City,2019,27,X,1.25791,X,X,X,X,X,X,1069,34,84982
States,New York City,2019,28,X,1.08653,X,X,X,X,X,X,948,33,87250
States,New York City,2019,29,X,1.0915,X,X,X,X,X,X,928,36,85021
States,New York City,2019,30,X,1.0301,X,X,X,X,X,X,858,31,83293
States,New York City,2019,31,X,1.16868,X,X,X,X,X,X,965,30,82572
States,New York City,2019,32,X,1.09399,X,X,X,X,X,X,894,28,81719
States,New York City,2019,33,X,1.17126,X,X,X,X,X,X,1056,64,90159
States,New York City,2019,34,X,0.990832,X,X,X,X,X,X,803,26,81043
States,New York City,2019,35,X,1.11886,X,X,X,X,X,X,938,55,83835
States,New York City,2019,36,X,1.12283,X,X,X,X,X,X,1000,64,89061
States,New York City,2019,37,X,1.37539,X,X,X,X,X,X,1310,64,95246
States,New York City,2019,38,X,1.85451,X,X,X,X,X,X,1743,65,93987
States,New York City,2019,39,X,1.76141,X,X,X,X,X,X,1717,67,97479
States,New York City,2019,40,X,1.56645,X,X,X,X,X,X,1543,78,98503
States,New York City,2019,41,X,1.49829,X,X,X,X,X,X,1443,74,96310
States,New York City,2019,42,X,1.61493,X,X,X,X,X,X,1569,74,97156
States,New York City,2019,43,X,1.81585,X,X,X,X,X,X,1798,72,99017
States,New York City,2019,44,X,2.00445,X,X,X,X,X,X,1965,71,98032
States,New York City,2019,45,X,2.31827,X,X,X,X,X,X,2302,74,99298
States,New York City,2019,46,X,2.37719,X,X,X,X,X,X,2318,69,97510
States,New York City,2019,47,X,2.52914,X,X,X,X,X,X,2602,73,102881
States,New York City,2019,48,X,3.12113,X,X,X,X,X,X,2895,74,92755
States,New York City,2019,49,X,3.39352,X,X,X,X,X,X,3496,73,103020
States,New York City,2019,50,X,4.12511,X,X,X,X,X,X,4260,70,103270
States,New York City,2019,51,X,5.05717,X,X,X,X,X,X,5179,74,102409
States,New York City,2019,52,X,7.10479,X,X,X,X,X,X,6853,67,96456
States,New York City,2020,1,X,7.0989,X,X,X,X,X,X,7106,70,100100
States,New York City,2020,2,X,6.31046,X,X,X,X,X,X,6530,68,103479
States,New York City,2020,3,X,6.92656,X,X,X,X,X,X,7155,70,103298
States,New York City,2020,4,X,7.67208,X,X,X,X,X,X,8228,67,107246
States,New York City,2020,5,X,7.87635,X,X,X,X,X,X,8398,69,106623
States,New York City,2020,6,X,7.14442,X,X,X,X,X,X,7860,75,110016
States,New York City,2020,7,X,6.00549,X,X,X,X,X,X,6013,63,100125
States,New York City,2020,8,X,4.71153,X,X,X,X,X,X,4325,67,91796
States,New York City,2020,9,X,3.81761,X,X,X,X,X,X,3591,65,94064
States,New York City,2020,10,X,4.88147,X,X,X,X,X,X,4623,66,94705
States,New York City,2020,11,X,7.22505,X,X,X,X,X,X,7258,66,100456
States,New York City,2020,12,X,12.0428,X,X,X,X,X,X,9900,58,82207
States,New York City,2020,13,X,14.0904,X,X,X,X,X,X,9906,48,70303
States,New York City,2020,14,X,11.3272,X,X,X,X,X,X,7146,61,63087
States,New York City,2020,15,X,7.60593,X,X,X,X,X,X,3949,66,51920
States,New York City,2020,16,X,4.88259,X,X,X,X,X,X,2227,68,45611
States,New York City,2020,17,X,2.98157,X,X,X,X,X,X,1335,68,44775
States,New York City,2020,18,X,1.95936,X,X,X,X,X,X,890,64,45423
States,New York City,2020,19,X,1.18229,X,X,X,X,X,X,514,66,43475
States,New York City,2020,20,X,1.08679,X,X,X,X,X,X,565,72,51988
States,New York City,2020,21,X,0.927738,X,X,X,X,X,X,512,73,55188
States,New York City,2020,22,X,0.741422,X,X,X,X,X,X,403,68,54355
States,New York City,2020,23,X,0.647156,X,X,X,X,X,X,383,68,59182
States,New York City,2020,24,X,0.577914,X,X,X,X,X,X,331,71,57275
States,New York City,2020,25,X,0.525877,X,X,X,X,X,X,328,65,62372
States,New York City,2020,26,X,0.564805,X,X,X,X,X,X,325,37,57542
States,New York City,2020,27,X,0.533798,X,X,X,X,X,X,300,37,56201
States,New York City,2020,28,X,0.55759,X,X,X,X,X,X,332,32,59542
States,New York City,2020,29,X,0.663214,X,X,X,X,X,X,397,29,59860
States,New York City,2020,30,X,0.649297,X,X,X,X,X,X,391,30,60219
States,New York City,2020,31,X,0.84472,X,X,X,X,X,X,612,67,72450
States,New York City,2020,32,X,0.7923,X,X,X,X,X,X,484,30,61088
States,New York City,2020,33,X,0.858983,X,X,X,X,X,X,643,68,74856
States,New York City,2020,34,X,0.883883,X,X,X,X,X,X,656,63,74218
States,New York City,2020,35,X,0.895276,X,X,X,X,X,X,684,67,76401
States,New York City,2020,36,X,0.767518,X,X,X,X,X,X,562,63,73223
States,New York City,2020,37,X,0.826616,X,X,X,X,X,X,604,64,73069
States,New York City,2020,38,X,0.83487,X,X,X,X,X,X,643,66,77018
States,New York City,2020,39,X,0.846627,X,X,X,X,X,X,648,65,76539
States,New York City,2020,40,X,0.930766,X,X,X,X,X,X,739,69,79397
States,New York City,2020,41,X,0.964173,X,X,X,X,X,X,739,68,76646
States,New York City,2020,42,X,0.797397,X,X,X,X,X,X,620,69,77753
States,New York City,2020,43,X,0.918325,X,X,X,X,X,X,669,67,72850
States,New York City,2020,44,X,0.848231,X,X,X,X,X,X,623,66,73447
States,New York City,2020,45,X,0.88259,X,X,X,X,X,X,680,69,77046
States,New York City,2020,46,X,0.937274,X,X,X,X,X,X,751,68,80126
States,New York City,2020,47,X,0.919554,X,X,X,X,X,X,596,33,64814
States,New York City,2020,48,X,0.994968,X,X,X,X,X,X,613,33,61610
States,New York City,2020,49,X,0.9422,X,X,X,X,X,X,624,35,66228
States,New York City,2020,50,X,1.1021,X,X,X,X,X,X,704,34,63878
States,New York City,2020,51,X,1.07107,X,X,X,X,X,X,667,33,62274
States,New York City,2020,52,X,1.13255,X,X,X,X,X,X,708,31,62514
States,New York City,2020,53,X,1.14465,X,X,X,X,X,X,724,22,63251
States,New York City,2021,1,X,1.19101,X,X,X,X,X,X,819,30,68765
States,New York City,2021,2,X,1.17767,X,X,X,X,X,X,808,33,68610
States,New York City,2021,3,X,1.20359,X,X,X,X,X,X,804,32,66800
States,New York City,2021,4,X,1.12568,X,X,X,X,X,X,752,33,66804
States,New York City,2021,5,X,1.0922,X,X,X,X,X,X,691,32,63267
States,New York City,2021,6,X,1.1199,X,X,X,X,X,X,756,32,67506
States,New York City,2021,7,X,0.988151,X,X,X,X,X,X,653,31,66083
States,New York City,2021,8,X,0.965468,X,X,X,X,X,X,697,31,72193
States,New York City,2021,9,X,0.910523,X,X,X,X,X,X,636,31,69850
States,New York City,2021,10,X,1.08476,X,X,X,X,X,X,782,32,72090
States,New York City,2021,11,X,1.21854,X,X,X,X,X,X,875,31,71807
States,New York City,2021,12,X,1.10798,X,X,X,X,X,X,827,29,74640
States,New York City,2021,13,X,1.11379,X,X,X,X,X,X,786,26,70570
States,New York City,2021,14,X,1.13655,X,X,X,X,X,X,835,29,73468
States,New York City,2021,15,X,0.997233,X,X,X,X,X,X,728,30,73002
States,New York City,2021,16,X,1.04069,X,X,X,X,X,X,746,27,71683
States,New York City,2021,17,X,0.958793,X,X,X,X,X,X,695,29,72487
States,New York City,2021,18,X,0.974999,X,X,X,X,X,X,709,27,72718
States,New York City,2021,19,X,0.92081,X,X,X,X,X,X,655,29,71133
States,New York City,2021,20,X,1.07941,X,X,X,X,X,X,808,26,74856
States,New York City,2021,21,X,0.936458,X,X,X,X,X,X,685,28,73148
States,New York City,2021,22,X,1.07082,X,X,X,X,X,X,751,26,70133
States,New York City,2021,23,X,1.06333,X,X,X,X,X,X,807,28,75894
States,New York City,2021,24,X,1.21823,X,X,X,X,X,X,917,29,75273
States,New York City,2021,25,X,1.22575,X,X,X,X,X,X,911,28,74322
States,New York City,2021,26,X,1.19559,X,X,X,X,X,X,911,28,76197
States,New York City,2021,27,X,1.3497,X,X,X,X,X,X,1016,26,75276
States,New York City,2021,28,X,1.36006,X,X,X,X,X,X,1068,28,78526
States,New York City,2021,29,X,1.60512,X,X,X,X,X,X,1260,26,78499
States,New York City,2021,30,X,1.72447,X,X,X,X,X,X,1341,25,77763
States,New York City,2021,31,X,1.65463,X,X,X,X,X,X,1304,28,78809
States,New York City,2021,32,X,1.68733,X,X,X,X,X,X,1324,27,78467
States,New York City,2021,33,X,1.73293,X,X,X,X,X,X,1352,24,78018
States,New York City,2021,34,X,1.66949,X,X,X,X,X,X,1280,23,76670
States,New York City,2021,35,X,1.46311,X,X,X,X,X,X,1105,26,75524
States,New York City,2021,36,X,1.62265,X,X,X,X,X,X,1233,27,75987
States,New York City,2021,37,X,1.75263,X,X,X,X,X,X,1349,25,76970
States,New York City,2021,38,X,2.15561,X,X,X,X,X,X,1674,26,77658
States,New York City,2021,39,X,2.46749,X,X,X,X,X,X,1818,28,73678
States,New York City,2021,40,X,2.22137,X,X,X,X,X,X,1845,29,83057
States,New York City,2021,41,X,2.21315,X,X,X,X,X,X,1761,28,79570
States,New York City,2021,42,X,2.08323,X,X,X,X,X,X,1655,30,79444
States,New York City,2021,43,X,2.0343,X,X,X,X,X,X,1509,28,74178
States,New York City,2021,44,X,2.03741,X,X,X,X,X,X,1576,30,77353
States,New York City,2021,45,X,2.22906,X,X,X,X,X,X,1680,28,75368
States,New York City,2021,46,X,2.09539,X,X,X,X,X,X,1622,30,77408
States,New York City,2021,47,X,2.25518,X,X,X,X,X,X,1560,30,69174
States,New York City,2021,48,X,2.4746,X,X,X,X,X,X,1958,30,79124
States,New York City,2021,49,X,2.5214,X,X,X,X,X,X,2038,30,80828
States,New York City,2021,50,X,3.05372,X,X,X,X,X,X,2671,26,87467
States,New York City,2021,51,X,4.86339,X,X,X,X,X,X,4338,26,89197
States,New York City,2021,52,X,6.02388,X,X,X,X,X,X,5796,23,96217
States,New York City,2022,1,X,3.89651,X,X,X,X,X,X,3327,28,85384
States,New York City,2022,2,X,2.29673,X,X,X,X,X,X,1618,28,70448
States,New York City,2022,3,X,1.46659,X,X,X,X,X,X,982,28,66958
States,New York City,2022,4,X,1.20774,X,X,X,X,X,X,781,29,64666
States,New York City,2022,5,X,0.898775,X,X,X,X,X,X,579,28,64421
States,New York City,2022,6,X,0.933491,X,X,X,X,X,X,657,29,70381
States,New York City,2022,7,X,1.03285,X,X,X,X,X,X,721,27,69807
States,New York City,2022,8,X,1.11563,X,X,X,X,X,X,749,25,67137
States,New York City,2022,9,X,1.16386,X,X,X,X,X,X,846,29,72689
States,New York City,2022,10,X,1.23311,X,X,X,X,X,X,918,28,74446
States,New York City,2022,11,X,1.45468,X,X,X,X,X,X,1124,25,77268
States,New York City,2022,12,X,1.62524,X,X,X,X,X,X,1252,25,77035
States,New York City,2022,13,X,1.89039,X,X,X,X,X,X,1457,29,77074
States,New York City,2022,14,X,2.32172,X,X,X,X,X,X,1833,28,78950
States,New York City,2022,15,X,2.43305,X,X,X,X,X,X,1837,26,75502
States,New York City,2022,16,X,2.30872,X,X,X,X,X,X,1694,23,73374
States,New York City,2022,17,X,2.31092,X,X,X,X,X,X,1833,28,79319
States,New York City,2022,18,X,2.50982,X,X,X,X,X,X,2006,28,79926
States,New York City,2022,19,X,2.77336,X,X,X,X,X,X,2356,28,84951
States,New York City,2022,20,X,2.8728,X,X,X,X,X,X,2517,28,87615
States,New York City,2022,21,X,2.98844,X,X,X,X,X,X,2436,25,81514
States,New York City,2022,22,X,2.7054,X,X,X,X,X,X,2250,27,83167
States,New York City,2022,23,X,2.68185,X,X,X,X,X,X,2145,24,79982
States,New York City,2022,24,X,2.57971,X,X,X,X,X,X,2030,23,78691
States,New York City,2022,25,X,2.48201,X,X,X,X,X,X,2035,26,81990
States,New York City,2022,26,X,2.53766,X,X,X,X,X,X,2052,2,80862
States,New York City,2022,27,X,2.3827,X,X,X,X,X,X,1913,26,80287
States,New York City,2022,28,X,2.06953,X,X,X,X,X,X,1733,26,83739
States,New York City,2022,29,X,1.89091,X,X,X,X,X,X,1569,25,82976
States,New York City,2022,30,X,2.04094,X,X,X,X,X,X,1623,25,79522
States,New York City,2022,31,X,1.9054,X,X,X,X,X,X,1517,26,79616
States,New York City,2022,32,X,1.75026,X,X,X,X,X,X,1377,26,78674
States,New York City,2022,33,X,1.81204,X,X,X,X,X,X,1384,25,76378
States,New York City,2022,34,X,1.60709,X,X,X,X,X,X,1227,24,76349
States,New York City,2022,35,X,1.55052,X,X,X,X,X,X,1175,21,75781
States,New York City,2022,36,X,1.56178,X,X,X,X,X,X,1182,23,75683
States,New York City,2022,37,X,2.15929,X,X,X,X,X,X,1698,24,78637
States,New York City,2022,38,X,2.82554,X,X,X,X,X,X,2286,26,80905
States,New York City,2022,39,X,2.34472,X,X,X,X,X,X,2285,25,97453
States,New York City,2022,40,X,4.11591,X,X,X,X,X,X,4751,105,115430
States,New York City,2022,41,X,4.09348,X,X,X,X,X,X,4204,105,102700
States,New York City,2022,42,X,5.12785,X,X,X,X,X,X,5898,107,115019
States,New York City,2022,43,X,6.27631,X,X,X,X,X,X,7871,106,125408
States,New York City,2022,44,X,7.89766,X,X,X,X,X,X,10526,107,133280
States,New York City,2022,45,X,8.52711,X,X,X,X,X,X,11331,107,132882
States,New York City,2022,46,X,8.72032,X,X,X,X,X,X,11068,107,126922
States,New York City,2022,47,X,11.6978,X,X,X,X,X,X,13642,106,116620
States,New York City,2022,48,X,12.9247,X,X,X,X,X,X,17731,106,137187
States,New York City,2022,49,X,12.6295,X,X,X,X,X,X,16044,104,127036
States,New York City,2022,50,X,11.8439,X,X,X,X,X,X,14855,106,125423
States,New York City,2022,51,X,10.725,X,X,X,X,X,X,12390,105,115525
States,New York City,2022,52,X,9.11115,X,X,X,X,X,X,9819,101,107769
States,New York City,2023,1,X,6.94632,X,X,X,X,X,X,8316,105,119718
States,New York City,2023,2,X,5.5431,X,X,X,X,X,X,6179,106,111472
States,New York City,2023,3,X,5.16483,X,X,X,X,X,X,5322,106,103043
States,New York City,2023,4,X,4.77028,X,X,X,X,X,X,5017,105,105172
States,New York City,2023,5,X,4.80501,X,X,X,X,X,X,5175,106,107700
States,New York City,2023,6,X,4.82899,X,X,X,X,X,X,5529,106,114496
States,New York City,2023,7,X,4.55318,X,X,X,X,X,X,5039,106,110670
States,New York City,2023,8,X,4.2848,X,X,X,X,X,X,4292,103,100168
States,New York City,2023,9,X,4.10826,X,X,X,X,X,X,4153,106,101089
States,New York City,2023,10,X,3.99772,X,X,X,X,X,X,4131,106,103334
States,New York City,2023,11,X,4.30099,X,X,X,X,X,X,4424,104,102860
States,New York City,2023,12,X,4.82397,X,X,X,X,X,X,5067,102,105038
States,New York City,2023,13,X,4.80824,X,X,X,X,X,X,5189,104,107919
States,New York City,2023,14,X,4.42277,X,X,X,X,X,X,4472,105,101113
States,New York City,2023,15,X,3.7878,X,X,X,X,X,X,3790,102,100058
States,New York City,2023,16,X,3.36826,X,X,X,X,X,X,3684,104,109374
States,New York City,2023,17,X,3.59269,X,X,X,X,X,X,4104,105,114232
States,New York City,2023,18,X,3.91646,X,X,X,X,X,X,4332,105,110610
States,New York City,2023,19,X,4.19988,X,X,X,X,X,X,4711,104,112170
States,New York City,2023,20,X,4.1314,X,X,X,X,X,X,4608,104,111536
States,New York City,2023,21,X,4.05644,X,X,X,X,X,X,4413,103,108790
States,New York City,2023,22,X,4.07308,X,X,X,X,X,X,4394,103,107879
States,New York City,2023,23,X,3.43977,X,X,X,X,X,X,3653,104,106199
States,New York City,2023,24,X,3.34295,X,X,X,X,X,X,3568,103,106732
States,New York City,2023,25,X,2.98601,X,X,X,X,X,X,3134,104,104956
States,New York City,2023,26,X,2.90886,X,X,X,X,X,X,3005,103,103305
States,New York City,2023,27,X,2.87815,X,X,X,X,X,X,2850,99,99022
States,New York City,2023,28,X,2.48923,X,X,X,X,X,X,2640,102,106057
States,New York City,2023,29,X,2.5666,X,X,X,X,X,X,2693,102,104925
States,New York City,2023,30,X,2.65744,X,X,X,X,X,X,2737,98,102994
States,New York City,2023,31,X,2.78693,X,X,X,X,X,X,2893,101,103806
States,New York City,2023,32,X,2.85087,X,X,X,X,X,X,3011,101,105617
States,New York City,2023,33,X,2.95601,X,X,X,X,X,X,3170,102,107239
States,New York City,2023,34,X,2.93557,X,X,X,X,X,X,3036,98,103421
States,New York City,2023,35,X,3.08886,X,X,X,X,X,X,3245,97,105055
States,New York City,2023,36,X,3.07551,X,X,X,X,X,X,3237,102,105251
States,New York City,2023,37,X,3.44648,X,X,X,X,X,X,3701,102,107385
States,New York City,2023,38,X,4.6228,X,X,X,X,X,X,5056,101,109371
States,New York City,2023,39,X,4.86031,X,X,X,X,X,X,5219,103,107380
States,New York City,2023,40,X,4.54167,X,X,X,X,X,X,5510,105,121321
States,New York City,2023,41,X,4.50132,X,X,X,X,X,X,5262,106,116899
States,New York City,2023,42,X,4.82447,X,X,X,X,X,X,5655,105,117215
States,New York City,2023,43,X,4.87231,X,X,X,X,X,X,5798,105,118999
States,New York City,2023,44,X,5.03437,X,X,X,X,X,X,5757,104,114354
States,New York City,2023,45,X,5.38635,X,X,X,X,X,X,6471,105,120137
States,New York City,2023,46,X,5.94595,X,X,X,X,X,X,7182,106,120788
States,New York City,2023,47,X,6.07121,X,X,X,X,X,X,6594,105,108611
States,New York City,2023,48,X,6.93404,X,X,X,X,X,X,8674,106,125093
States,New York City,2023,49,X,7.64613,X,X,X,X,X,X,9668,104,126443
States,New York City,2023,50,X,9.08063,X,X,X,X,X,X,11400,102,125542
States,New York City,2023,51,X,10.3764,X,X,X,X,X,X,13184,106,127058
States,New York City,2023,52,X,11.2517,X,X,X,X,X,X,13742,100,122133
States,New York City,2024,1,X,9.60163,X,X,X,X,X,X,11904,103,123979
States,New York City,2024,2,X,9.26784,X,X,X,X,X,X,11700,106,126243
States,New York City,2024,3,X,8.70912,X,X,X,X,X,X,9840,104,112985
States,New York City,2024,4,X,8.67844,X,X,X,X,X,X,10325,105,118973
States,New York City,2024,5,X,8.28631,X,X,X,X,X,X,9737,105,117507
States,New York City,2024,6,X,8.19163,X,X,X,X,X,X,9953,106,121502
States,New York City,2024,7,X,7.97645,X,X,X,X,X,X,8886,103,111403
States,New York City,2024,8,X,7.16709,X,X,X,X,X,X,8090,101,112877
States,New York City,2024,9,X,6.72548,X,X,X,X,X,X,7845,106,116646
States,New York City,2024,10,X,6.10615,X,X,X,X,X,X,6980,105,114311
States,New York City,2024,11,X,5.80391,X,X,X,X,X,X,6742,105,116163
States,New York City,2024,12,X,5.89199,X,X,X,X,X,X,6724,101,114121
States,New York City,2024,13,X,5.85247,X,X,X,X,X,X,6775,106,115763
States,New York City,2024,14,X,5.59544,X,X,X,X,X,X,6219,105,111144
States,New York City,2024,15,X,4.94582,X,X,X,X,X,X,5651,105,114258
States,New York City,2024,16,X,4.6342,X,X,X,X,X,X,5400,103,116525
States,New York City,2024,17,X,4.03698,X,X,X,X,X,X,4507,99,111643
States,New York City,2024,18,X,3.70402,X,X,X,X,X,X,4273,102,115361
States,New York City,2024,19,X,3.52351,X,X,X,X,X,X,4044,105,114772
States,New York City,2024,20,X,3.73134,X,X,X,X,X,X,4331,103,116071
States,New York City,2024,21,X,3.74219,X,X,X,X,X,X,4393,103,117391
States,New York City,2024,22,X,3.48253,X,X,X,X,X,X,3951,101,113452
States,New York City,2024,23,X,3.29748,X,X,X,X,X,X,3765,102,114178
States,New York City,2024,24,X,3.1275,X,X,X,X,X,X,3512,102,112294
States,New York City,2024,25,X,2.99869,X,X,X,X,X,X,3248,102,108314
States,New York City,2024,26,X,2.93492,X,X,X,X,X,X,3272,103,111485
States,New York City,2024,27,X,2.75827,X,X,X,X,X,X,2883,99,104522
States,New York City,2024,28,X,2.71545,X,X,X,X,X,X,3039,101,111915
States,New York City,2024,29,X,2.64922,X,X,X,X,X,X,2383,102,89951
States,New York City,2024,30,X,2.97145,X,X,X,X,X,X,3306,103,111259
States,New York City,2024,31,X,2.79748,X,X,X,X,X,X,3018,101,107883
States,New York City,2024,32,X,2.63593,X,X,X,X,X,X,2788,101,105769
States,New York City,2024,33,X,2.84172,X,X,X,X,X,X,3058,101,107611
States,New York City,2024,34,X,2.91544,X,X,X,X,X,X,3039,100,104238
States,New York City,2024,35,X,2.96189,X,X,X,X,X,X,3137,98,105912
States,New York City,2024,36,X,2.92725,X,X,X,X,X,X,3048,101,104125
States,New York City,2024,37,X,3.67359,X,X,X,X,X,X,4030,102,109702
States,New York City,2024,38,X,4.39336,X,X,X,X,X,X,5143,99,117063
