"*Beginning for the 2015-16 season, reports from public health and clinical laboratories are presented separately in the weekly influenza update, FluView. Data from clinical laboratories include the weekly total number of specimens tested, the number of positive influenza test, and the percent positive by influenza type."
REGION TYPE,REGION,YEAR,WEEK,TOTAL SPECIMENS,TOTAL A,TOTAL B,PERCENT POSITIVE,PERCENT A,PERCENT B
States,Alabama,2015,40,167,2,3,2.99,1.2,1.8
States,Alabama,2015,41,167,2,1,1.8,1.2,0.6
States,Alabama,2015,42,193,4,1,2.59,2.07,0.52
States,Alabama,2015,43,164,3,4,4.27,1.83,2.44
States,Alabama,2015,44,254,2,3,1.97,0.79,1.18
States,Alabama,2015,45,250,3,3,2.4,1.2,1.2
States,Alabama,2015,46,279,4,1,1.79,1.43,0.36
States,Alabama,2015,47,271,0,3,1.11,0,1.11
States,Alabama,2015,48,321,5,4,2.8,1.56,1.25
States,Alabama,2015,49,277,3,1,1.44,1.08,0.36
States,Alabama,2015,50,250,3,6,3.6,1.2,2.4
States,Alabama,2015,51,257,2,1,1.17,0.78,0.39
States,Alabama,2015,52,287,2,3,1.74,0.7,1.05
States,Alabama,2016,1,262,3,2,1.91,1.15,0.76
States,Alabama,2016,2,272,5,3,2.94,1.84,1.1
States,Alabama,2016,3,289,5,4,3.11,1.73,1.38
States,Alabama,2016,4,267,3,2,1.87,1.12,0.75
States,Alabama,2016,5,252,4,2,2.38,1.59,0.79
States,Alabama,2016,6,255,3,6,3.53,1.18,2.35
States,Alabama,2016,7,296,18,3,7.09,6.08,1.01
States,Alabama,2016,8,353,29,1,8.5,8.22,0.28
States,Alabama,2016,9,321,44,2,14.33,13.71,0.62
States,Alabama,2016,10,408,70,1,17.4,17.16,0.25
States,Alabama,2016,11,390,34,4,9.74,8.72,1.03
States,Alabama,2016,12,389,54,1,14.14,13.88,0.26
States,Alabama,2016,13,408,28,2,7.35,6.86,0.49
States,Alabama,2016,14,270,19,1,7.41,7.04,0.37
States,Alabama,2016,15,272,10,1,4.04,3.68,0.37
States,Alabama,2016,16,200,6,0,3,3,0
States,Alabama,2016,17,182,2,0,1.1,1.1,0
States,Alabama,2016,18,177,9,1,5.65,5.08,0.56
States,Alabama,2016,19,153,3,0,1.96,1.96,0
States,Alabama,2016,20,124,0,1,0.81,0,0.81
States,Alabama,2016,21,122,0,0,0,0,0
States,Alabama,2016,22,95,0,0,0,0,0
States,Alabama,2016,23,67,0,0,0,0,0
States,Alabama,2016,24,70,2,0,2.86,2.86,0
States,Alabama,2016,25,74,0,1,1.35,0,1.35
States,Alabama,2016,26,48,0,1,2.08,0,2.08
States,Alabama,2016,27,56,0,0,0,0,0
States,Alabama,2016,28,34,0,0,0,0,0
States,Alabama,2016,29,42,1,0,2.38,2.38,0
States,Alabama,2016,30,52,0,0,0,0,0
States,Alabama,2016,31,53,0,0,0,0,0
States,Alabama,2016,32,55,0,0,0,0,0
States,Alabama,2016,33,61,0,0,0,0,0
States,Alabama,2016,34,39,0,0,0,0,0
States,Alabama,2016,35,51,0,0,0,0,0
States,Alabama,2016,36,81,0,0,0,0,0
States,Alabama,2016,37,83,1,0,1.2,1.2,0
States,Alabama,2016,38,77,1,0,1.3,1.3,0
States,Alabama,2016,39,100,1,0,1,1,0
States,Alabama,2016,40,406,4,1,1.23,0.99,0.25
States,Alabama,2016,41,530,6,7,2.45,1.13,1.32
States,Alabama,2016,42,503,3,5,1.59,0.6,0.99
States,Alabama,2016,43,464,5,1,1.29,1.08,0.22
States,Alabama,2016,44,591,15,8,3.89,2.54,1.35
States,Alabama,2016,45,625,5,1,0.96,0.8,0.16
States,Alabama,2016,46,678,15,9,3.54,2.21,1.33
States,Alabama,2016,47,650,14,8,3.38,2.15,1.23
States,Alabama,2016,48,714,20,9,4.06,2.8,1.26
States,Alabama,2016,49,723,20,7,3.73,2.77,0.97
States,Alabama,2016,50,801,31,8,4.87,3.87,1
States,Alabama,2016,51,970,44,13,5.88,4.54,1.34
States,Alabama,2016,52,989,65,16,8.19,6.57,1.62
States,Alabama,2017,1,919,52,12,6.96,5.66,1.31
States,Alabama,2017,2,845,67,16,9.82,7.93,1.89
States,Alabama,2017,3,735,77,17,12.79,10.48,2.31
States,Alabama,2017,4,766,79,18,12.66,10.31,2.35
States,Alabama,2017,5,1033,118,27,14.04,11.42,2.61
States,Alabama,2017,6,1219,143,47,15.59,11.73,3.86
States,Alabama,2017,7,1279,167,77,19.08,13.06,6.02
States,Alabama,2017,8,1226,151,93,19.9,12.32,7.59
States,Alabama,2017,9,973,104,72,18.09,10.69,7.4
States,Alabama,2017,10,983,91,63,15.67,9.26,6.41
States,Alabama,2017,11,964,84,60,14.94,8.71,6.22
States,Alabama,2017,12,1056,74,105,16.95,7.01,9.94
States,Alabama,2017,13,770,47,72,15.45,6.1,9.35
States,Alabama,2017,14,632,27,57,13.29,4.27,9.02
States,Alabama,2017,15,480,16,46,12.92,3.33,9.58
States,Alabama,2017,16,449,14,33,10.47,3.12,7.35
States,Alabama,2017,17,400,10,23,8.25,2.5,5.75
States,Alabama,2017,18,335,2,17,5.67,0.6,5.07
States,Alabama,2017,19,366,8,23,8.47,2.19,6.28
States,Alabama,2017,20,283,9,17,9.19,3.18,6.01
States,Alabama,2017,21,320,10,13,7.19,3.13,4.06
States,Alabama,2017,22,241,6,11,7.05,2.49,4.56
States,Alabama,2017,23,219,2,1,1.37,0.91,0.46
States,Alabama,2017,24,156,3,1,2.56,1.92,0.64
States,Alabama,2017,25,146,2,4,4.11,1.37,2.74
States,Alabama,2017,26,144,2,2,2.78,1.39,1.39
States,Alabama,2017,27,198,1,3,2.02,0.51,1.52
States,Alabama,2017,28,167,0,4,2.4,0,2.4
States,Alabama,2017,29,162,3,2,3.09,1.85,1.23
States,Alabama,2017,30,124,0,2,1.61,0,1.61
States,Alabama,2017,31,155,0,1,0.65,0,0.65
States,Alabama,2017,32,163,2,2,2.45,1.23,1.23
States,Alabama,2017,33,172,0,3,1.74,0,1.74
States,Alabama,2017,34,293,1,3,1.37,0.34,1.02
States,Alabama,2017,35,311,3,4,2.25,0.96,1.29
States,Alabama,2017,36,293,3,7,3.41,1.02,2.39
States,Alabama,2017,37,338,3,5,2.37,0.89,1.48
States,Alabama,2017,38,353,2,12,3.97,0.57,3.4
States,Alabama,2017,39,399,1,12,3.26,0.25,3.01
States,Alabama,2017,40,434,4,25,6.68,0.92,5.76
States,Alabama,2017,41,449,7,24,6.9,1.56,5.35
States,Alabama,2017,42,472,11,13,5.08,2.33,2.75
States,Alabama,2017,43,476,9,18,5.67,1.89,3.78
States,Alabama,2017,44,563,5,25,5.33,0.89,4.44
States,Alabama,2017,45,573,9,23,5.58,1.57,4.01
States,Alabama,2017,46,671,11,31,6.26,1.64,4.62
States,Alabama,2017,47,517,11,22,6.38,2.13,4.26
States,Alabama,2017,48,779,20,21,5.26,2.57,2.7
States,Alabama,2017,49,728,21,16,5.08,2.88,2.2
States,Alabama,2017,50,947,95,28,12.99,10.03,2.96
States,Alabama,2017,51,1435,292,39,23.07,20.35,2.72
States,Alabama,2017,52,1524,312,43,23.29,20.47,2.82
States,Alabama,2018,1,1636,388,50,26.77,23.72,3.06
States,Alabama,2018,2,2115,607,79,32.43,28.7,3.74
States,Alabama,2018,3,1981,525,95,31.3,26.5,4.8
States,Alabama,2018,4,1998,412,99,25.58,20.62,4.95
States,Alabama,2018,5,1923,353,111,24.13,18.36,5.77
States,Alabama,2018,6,2017,306,179,24.05,15.17,8.87
States,Alabama,2018,7,1632,162,131,17.95,9.93,8.03
States,Alabama,2018,8,1103,61,79,12.69,5.53,7.16
States,Alabama,2018,9,828,34,46,9.66,4.11,5.56
States,Alabama,2018,10,675,10,22,4.74,1.48,3.26
States,Alabama,2018,11,663,11,32,6.49,1.66,4.83
States,Alabama,2018,12,515,10,26,6.99,1.94,5.05
States,Alabama,2018,13,485,5,13,3.71,1.03,2.68
States,Alabama,2018,14,457,7,11,3.94,1.53,2.41
States,Alabama,2018,15,382,10,10,5.24,2.62,2.62
States,Alabama,2018,16,361,1,7,2.22,0.28,1.94
States,Alabama,2018,17,329,2,5,2.13,0.61,1.52
States,Alabama,2018,18,302,2,6,2.65,0.66,1.99
States,Alabama,2018,19,265,1,1,0.75,0.38,0.38
States,Alabama,2018,20,243,0,0,0,0,0
States,Alabama,2018,21,248,0,0,0,0,0
States,Alabama,2018,22,207,0,0,0,0,0
States,Alabama,2018,23,167,2,0,1.2,1.2,0
States,Alabama,2018,24,157,0,0,0,0,0
States,Alabama,2018,25,139,0,0,0,0,0
States,Alabama,2018,26,140,1,0,0.71,0.71,0
States,Alabama,2018,27,130,0,0,0,0,0
States,Alabama,2018,28,131,0,0,0,0,0
States,Alabama,2018,29,42,0,0,0,0,0
States,Alabama,2018,30,101,0,0,0,0,0
States,Alabama,2018,31,96,0,0,0,0,0
States,Alabama,2018,32,119,1,0,0.84,0.84,0
States,Alabama,2018,33,125,0,0,0,0,0
States,Alabama,2018,34,264,2,0,0.76,0.76,0
States,Alabama,2018,35,261,5,3,3.07,1.92,1.15
States,Alabama,2018,36,276,1,0,0.36,0.36,0
States,Alabama,2018,37,321,2,1,0.93,0.62,0.31
States,Alabama,2018,38,346,4,0,1.16,1.16,0
States,Alabama,2018,39,333,2,1,0.9,0.6,0.3
States,Alabama,2018,40,455,2,2,0.88,0.44,0.44
States,Alabama,2018,41,467,5,2,1.5,1.07,0.43
States,Alabama,2018,42,569,6,1,1.23,1.05,0.18
States,Alabama,2018,43,451,6,4,2.22,1.33,0.89
States,Alabama,2018,44,535,5,1,1.12,0.93,0.19
States,Alabama,2018,45,583,6,3,1.54,1.03,0.51
States,Alabama,2018,46,588,7,4,1.87,1.19,0.68
States,Alabama,2018,47,520,7,1,1.54,1.35,0.19
States,Alabama,2018,48,570,5,1,1.05,0.88,0.18
States,Alabama,2018,49,682,28,2,4.4,4.11,0.29
States,Alabama,2018,50,844,117,1,13.98,13.86,0.12
States,Alabama,2018,51,931,212,2,22.99,22.77,0.21
States,Alabama,2018,52,885,135,1,15.37,15.25,0.11
States,Alabama,2019,1,920,108,7,12.5,11.74,0.76
States,Alabama,2019,2,600,56,1,9.5,9.33,0.17
States,Alabama,2019,3,644,30,7,5.75,4.66,1.09
States,Alabama,2019,4,603,67,5,11.94,11.11,0.83
States,Alabama,2019,5,924,145,9,16.67,15.69,0.97
States,Alabama,2019,6,1069,222,5,21.23,20.77,0.47
States,Alabama,2019,7,1073,204,6,19.57,19.01,0.56
States,Alabama,2019,8,823,163,9,20.9,19.81,1.09
States,Alabama,2019,9,931,154,10,17.62,16.54,1.07
States,Alabama,2019,10,848,125,8,15.68,14.74,0.94
States,Alabama,2019,11,861,101,5,12.31,11.73,0.58
States,Alabama,2019,12,729,46,4,6.86,6.31,0.55
States,Alabama,2019,13,688,59,5,9.3,8.58,0.73
States,Alabama,2019,14,613,33,0,5.38,5.38,0
States,Alabama,2019,15,497,8,2,2.01,1.61,0.4
States,Alabama,2019,16,427,8,3,2.58,1.87,0.7
States,Alabama,2019,17,445,10,0,2.25,2.25,0
States,Alabama,2019,18,315,5,1,1.9,1.59,0.32
States,Alabama,2019,19,368,4,5,2.45,1.09,1.36
States,Alabama,2019,20,354,1,3,1.13,0.28,0.85
States,Alabama,2019,21,307,1,1,0.65,0.33,0.33
States,Alabama,2019,22,255,1,4,1.96,0.39,1.57
States,Alabama,2019,23,267,5,1,2.25,1.87,0.37
States,Alabama,2019,24,220,2,1,1.36,0.91,0.45
States,Alabama,2019,25,211,0,3,1.42,0,1.42
States,Alabama,2019,26,266,2,3,1.88,0.75,1.13
States,Alabama,2019,27,234,1,1,0.85,0.43,0.43
States,Alabama,2019,28,272,5,2,2.57,1.84,0.74
States,Alabama,2019,29,72,0,2,2.78,0,2.78
States,Alabama,2019,30,78,2,1,3.85,2.56,1.28
States,Alabama,2019,31,196,1,3,2.04,0.51,1.53
States,Alabama,2019,32,182,2,6,4.4,1.1,3.3
States,Alabama,2019,33,233,1,11,5.15,0.43,4.72
States,Alabama,2019,34,335,0,27,8.06,0,8.06
States,Alabama,2019,35,395,0,41,10.38,0,10.38
States,Alabama,2019,36,505,0,49,9.7,0,9.7
States,Alabama,2019,37,467,3,31,7.28,0.64,6.64
States,Alabama,2019,38,493,0,18,3.65,0,3.65
States,Alabama,2019,39,530,2,23,4.72,0.38,4.34
States,Alabama,2019,40,512,2,13,2.93,0.39,2.54
States,Alabama,2019,41,498,4,13,3.41,0.8,2.61
States,Alabama,2019,42,527,1,5,1.14,0.19,0.95
States,Alabama,2019,43,529,0,16,3.02,0,3.02
States,Alabama,2019,44,524,3,18,4.01,0.57,3.44
States,Alabama,2019,45,635,4,15,2.99,0.63,2.36
States,Alabama,2019,46,739,5,26,4.19,0.68,3.52
States,Alabama,2019,47,868,15,70,9.79,1.73,8.06
States,Alabama,2019,48,849,28,74,12.01,3.3,8.72
States,Alabama,2019,49,979,23,81,10.62,2.35,8.27
States,Alabama,2019,50,985,48,74,12.39,4.87,7.51
States,Alabama,2019,51,1083,96,94,17.54,8.86,8.68
States,Alabama,2019,52,1137,105,119,19.7,9.23,10.47
States,Alabama,2020,1,1049,102,79,17.25,9.72,7.53
States,Alabama,2020,2,887,71,44,12.97,8,4.96
States,Alabama,2020,3,834,86,36,14.63,10.31,4.32
States,Alabama,2020,4,891,105,40,16.27,11.78,4.49
States,Alabama,2020,5,1106,165,42,18.72,14.92,3.8
States,Alabama,2020,6,1212,199,42,19.88,16.42,3.47
States,Alabama,2020,7,1121,150,35,16.5,13.38,3.12
States,Alabama,2020,8,984,103,29,13.41,10.47,2.95
States,Alabama,2020,9,753,72,19,12.08,9.56,2.52
States,Alabama,2020,10,969,86,17,10.63,8.88,1.75
States,Alabama,2020,11,1062,69,26,8.95,6.5,2.45
States,Alabama,2020,12,1063,27,16,4.05,2.54,1.51
States,Alabama,2020,13,796,8,5,1.63,1.01,0.63
States,Alabama,2020,14,548,1,2,0.55,0.18,0.36
States,Alabama,2020,15,479,1,1,0.42,0.21,0.21
States,Alabama,2020,16,407,0,1,0.25,0,0.25
States,Alabama,2020,17,356,1,0,0.28,0.28,0
States,Alabama,2020,18,322,0,0,0,0,0
States,Alabama,2020,19,276,0,0,0,0,0
States,Alabama,2020,20,247,0,0,0,0,0
States,Alabama,2020,21,217,0,1,0.46,0,0.46
States,Alabama,2020,22,201,0,0,0,0,0
States,Alabama,2020,23,212,0,3,1.42,0,1.42
States,Alabama,2020,24,182,0,0,0,0,0
States,Alabama,2020,25,165,0,0,0,0,0
States,Alabama,2020,26,146,0,0,0,0,0
States,Alabama,2020,27,211,0,0,0,0,0
States,Alabama,2020,28,190,0,1,0.53,0,0.53
States,Alabama,2020,29,187,0,0,0,0,0
States,Alabama,2020,30,205,0,0,0,0,0
States,Alabama,2020,31,117,0,0,0,0,0
States,Alabama,2020,32,153,0,0,0,0,0
States,Alabama,2020,33,130,0,0,0,0,0
States,Alabama,2020,34,162,0,0,0,0,0
States,Alabama,2020,35,161,0,0,0,0,0
States,Alabama,2020,36,105,0,0,0,0,0
States,Alabama,2020,37,81,0,0,0,0,0
States,Alabama,2020,38,94,0,1,1.06,0,1.06
States,Alabama,2020,39,106,0,0,0,0,0
States,Alabama,2020,40,133,0,0,0,0,0
States,Alabama,2020,41,158,0,0,0,0,0
States,Alabama,2020,42,166,3,1,2.41,1.81,0.6
States,Alabama,2020,43,211,0,0,0,0,0
States,Alabama,2020,44,200,0,0,0,0,0
States,Alabama,2020,45,223,2,0,0.9,0.9,0
States,Alabama,2020,46,316,0,0,0,0,0
States,Alabama,2020,47,271,2,1,1.11,0.74,0.37
States,Alabama,2020,48,210,0,0,0,0,0
States,Alabama,2020,49,279,1,1,0.72,0.36,0.36
States,Alabama,2020,50,381,3,5,2.1,0.79,1.31
States,Alabama,2020,51,357,0,2,0.56,0,0.56
States,Alabama,2020,52,267,1,1,0.75,0.37,0.37
States,Alabama,2020,53,405,1,3,0.99,0.25,0.74
States,Alabama,2021,1,501,2,3,1,0.4,0.6
States,Alabama,2021,2,404,4,4,1.98,0.99,0.99
States,Alabama,2021,3,441,1,7,1.81,0.23,1.59
States,Alabama,2021,4,359,1,1,0.56,0.28,0.28
States,Alabama,2021,5,287,1,0,0.35,0.35,0
States,Alabama,2021,6,321,1,2,0.93,0.31,0.62
States,Alabama,2021,7,238,0,0,0,0,0
States,Alabama,2021,8,268,0,0,0,0,0
States,Alabama,2021,9,240,2,0,0.83,0.83,0
States,Alabama,2021,10,225,3,0,1.33,1.33,0
States,Alabama,2021,11,225,0,0,0,0,0
States,Alabama,2021,12,214,1,3,1.87,0.47,1.4
States,Alabama,2021,13,217,2,0,0.92,0.92,0
States,Alabama,2021,14,213,2,1,1.41,0.94,0.47
States,Alabama,2021,15,252,1,0,0.4,0.4,0
States,Alabama,2021,16,233,1,0,0.43,0.43,0
States,Alabama,2021,17,206,1,0,0.49,0.49,0
States,Alabama,2021,18,222,0,0,0,0,0
States,Alabama,2021,19,213,2,0,0.94,0.94,0
States,Alabama,2021,20,246,1,0,0.41,0.41,0
States,Alabama,2021,21,242,0,1,0.41,0,0.41
States,Alabama,2021,22,256,1,0,0.39,0.39,0
States,Alabama,2021,23,251,0,0,0,0,0
States,Alabama,2021,24,242,1,0,0.41,0.41,0
States,Alabama,2021,25,201,1,0,0.5,0.5,0
States,Alabama,2021,26,187,0,0,0,0,0
States,Alabama,2021,27,203,0,0,0,0,0
States,Alabama,2021,28,218,1,0,0.46,0.46,0
States,Alabama,2021,29,200,0,0,0,0,0
States,Alabama,2021,30,319,0,1,0.31,0,0.31
States,Alabama,2021,31,98,0,0,0,0,0
States,Alabama,2021,32,238,0,0,0,0,0
States,Alabama,2021,33,257,0,0,0,0,0
States,Alabama,2021,34,320,0,0,0,0,0
States,Alabama,2021,35,262,0,0,0,0,0
States,Alabama,2021,36,81,0,0,0,0,0
States,Alabama,2021,37,198,0,0,0,0,0
States,Alabama,2021,38,165,0,0,0,0,0
States,Alabama,2021,39,199,0,0,0,0,0
States,Alabama,2021,40,142,0,0,0,0,0
States,Alabama,2021,41,531,0,0,0,0,0
States,Alabama,2021,42,173,0,0,0,0,0
States,Alabama,2021,43,291,1,1,0.69,0.34,0.34
States,Alabama,2021,44,490,2,1,0.61,0.41,0.2
States,Alabama,2021,45,568,0,0,0,0,0
States,Alabama,2021,46,754,1,1,0.27,0.13,0.13
States,Alabama,2021,47,692,1,0,0.14,0.14,0
States,Alabama,2021,48,1045,3,0,0.29,0.29,0
States,Alabama,2021,49,675,7,0,1.04,1.04,0
States,Alabama,2021,50,613,4,1,0.82,0.65,0.16
States,Alabama,2021,51,723,5,0,0.69,0.69,0
States,Alabama,2021,52,2649,6,0,0.23,0.23,0
States,Alabama,2022,1,435,1,0,0.23,0.23,0
States,Alabama,2022,2,408,1,0,0.25,0.25,0
States,Alabama,2022,3,380,1,0,0.26,0.26,0
States,Alabama,2022,4,335,1,0,0.3,0.3,0
States,Alabama,2022,5,305,0,0,0,0,0
States,Alabama,2022,6,322,0,0,0,0,0
States,Alabama,2022,7,438,5,0,1.14,1.14,0
States,Alabama,2022,8,885,2,0,0.23,0.23,0
States,Alabama,2022,9,368,5,0,1.36,1.36,0
States,Alabama,2022,10,487,9,1,2.05,1.85,0.21
States,Alabama,2022,11,387,9,1,2.58,2.33,0.26
States,Alabama,2022,12,547,4,0,0.73,0.73,0
States,Alabama,2022,13,676,7,0,1.04,1.04,0
States,Alabama,2022,14,411,9,0,2.19,2.19,0
States,Alabama,2022,15,246,10,0,4.07,4.07,0
States,Alabama,2022,16,327,11,1,3.67,3.36,0.31
States,Alabama,2022,17,245,3,0,1.22,1.22,0
States,Alabama,2022,18,322,8,0,2.48,2.48,0
States,Alabama,2022,19,282,6,0,2.13,2.13,0
States,Alabama,2022,20,248,6,0,2.42,2.42,0
States,Alabama,2022,21,298,15,0,5.03,5.03,0
States,Alabama,2022,22,277,16,1,6.14,5.78,0.36
States,Alabama,2022,23,265,6,0,2.26,2.26,0
States,Alabama,2022,24,299,5,0,1.67,1.67,0
States,Alabama,2022,25,271,1,0,0.37,0.37,0
States,Alabama,2022,26,501,0,0,0,0,0
States,Alabama,2022,27,349,4,0,1.15,1.15,0
States,Alabama,2022,28,501,3,0,0.6,0.6,0
States,Alabama,2022,29,366,1,0,0.27,0.27,0
States,Alabama,2022,30,334,0,1,0.3,0,0.3
States,Alabama,2022,31,268,1,0,0.37,0.37,0
States,Alabama,2022,32,306,0,0,0,0,0
States,Alabama,2022,33,319,0,0,0,0,0
States,Alabama,2022,34,376,2,0,0.53,0.53,0
States,Alabama,2022,35,415,3,0,0.72,0.72,0
States,Alabama,2022,36,320,10,0,3.13,3.13,0
States,Alabama,2022,37,408,9,0,2.21,2.21,0
States,Alabama,2022,38,316,8,0,2.53,2.53,0
States,Alabama,2022,39,367,18,0,4.9,4.9,0
States,Alabama,2022,40,283,39,0,13.78,13.78,0
States,Alabama,2022,41,392,90,0,22.96,22.96,0
States,Alabama,2022,42,491,139,0,28.31,28.31,0
States,Alabama,2022,43,827,291,0,35.19,35.19,0
States,Alabama,2022,44,831,222,0,26.71,26.71,0
States,Alabama,2022,45,682,148,0,21.7,21.7,0
States,Alabama,2022,46,484,89,1,18.6,18.39,0.21
States,Alabama,2022,47,394,82,0,20.81,20.81,0
States,Alabama,2022,48,503,61,0,12.13,12.13,0
States,Alabama,2022,49,414,26,1,6.52,6.28,0.24
States,Alabama,2022,50,500,13,0,2.6,2.6,0
States,Alabama,2022,51,474,10,0,2.11,2.11,0
States,Alabama,2022,52,495,20,0,4.04,4.04,0
States,Alabama,2023,1,420,15,0,3.57,3.57,0
States,Alabama,2023,2,438,9,0,2.05,2.05,0
States,Alabama,2023,3,407,11,1,2.95,2.7,0.25
States,Alabama,2023,4,476,12,0,2.52,2.52,0
States,Alabama,2023,5,452,4,0,0.88,0.88,0
States,Alabama,2023,6,420,7,0,1.67,1.67,0
States,Alabama,2023,7,391,6,1,1.79,1.53,0.26
States,Alabama,2023,8,435,2,0,0.46,0.46,0
States,Alabama,2023,9,305,1,0,0.33,0.33,0
States,Alabama,2023,10,264,1,0,0.38,0.38,0
States,Alabama,2023,11,246,1,0,0.41,0.41,0
States,Alabama,2023,12,336,4,1,1.49,1.19,0.3
States,Alabama,2023,13,307,5,1,1.95,1.63,0.33
States,Alabama,2023,14,233,1,0,0.43,0.43,0
States,Alabama,2023,15,252,1,0,0.4,0.4,0
States,Alabama,2023,16,269,0,0,0,0,0
States,Alabama,2023,17,293,0,0,0,0,0
States,Alabama,2023,18,302,1,0,0.33,0.33,0
States,Alabama,2023,19,288,0,0,0,0,0
States,Alabama,2023,20,231,0,2,0.87,0,0.87
States,Alabama,2023,21,263,1,1,0.76,0.38,0.38
States,Alabama,2023,22,243,0,1,0.41,0,0.41
States,Alabama,2023,23,274,0,3,1.09,0,1.09
States,Alabama,2023,24,229,0,0,0,0,0
States,Alabama,2023,25,175,0,0,0,0,0
States,Alabama,2023,26,213,0,0,0,0,0
States,Alabama,2023,27,197,1,0,0.51,0.51,0
States,Alabama,2023,28,226,1,0,0.44,0.44,0
States,Alabama,2023,29,230,1,0,0.43,0.43,0
States,Alabama,2023,30,234,0,1,0.43,0,0.43
States,Alabama,2023,31,234,3,1,1.71,1.28,0.43
States,Alabama,2023,32,273,2,0,0.73,0.73,0
States,Alabama,2023,33,346,2,1,0.87,0.58,0.29
States,Alabama,2023,34,420,0,0,0,0,0
States,Alabama,2023,35,402,1,0,0.25,0.25,0
States,Alabama,2023,36,384,3,0,0.78,0.78,0
States,Alabama,2023,37,269,1,0,0.37,0.37,0
States,Alabama,2023,38,192,1,0,0.52,0.52,0
States,Alabama,2023,39,277,0,3,1.08,0,1.08
States,Alabama,2023,40,359,7,2,2.51,1.95,0.56
States,Alabama,2023,41,365,5,2,1.92,1.37,0.55
States,Alabama,2023,42,360,9,5,3.89,2.5,1.39
States,Alabama,2023,43,399,7,6,3.26,1.75,1.5
States,Alabama,2023,44,440,28,23,11.59,6.36,5.23
States,Alabama,2023,45,549,38,62,18.21,6.92,11.29
States,Alabama,2023,46,637,33,88,19,5.18,13.81
States,Alabama,2023,47,550,34,82,21.09,6.18,14.91
States,Alabama,2023,48,618,37,91,20.71,5.99,14.72
States,Alabama,2023,49,735,67,140,28.16,9.12,19.05
States,Alabama,2023,50,741,85,137,29.96,11.47,18.49
States,Alabama,2023,51,766,95,153,32.38,12.4,19.97
States,Alabama,2023,52,753,83,111,25.76,11.02,14.74
States,Alabama,2024,1,692,79,65,20.81,11.42,9.39
States,Alabama,2024,2,503,29,37,13.12,5.77,7.36
States,Alabama,2024,3,542,52,23,13.84,9.59,4.24
States,Alabama,2024,4,573,57,17,12.91,9.95,2.97
States,Alabama,2024,5,559,43,10,9.48,7.69,1.79
States,Alabama,2024,6,602,40,15,9.14,6.64,2.49
States,Alabama,2024,7,577,36,7,7.45,6.24,1.21
States,Alabama,2024,8,499,31,7,7.62,6.21,1.4
States,Alabama,2024,9,435,16,11,6.21,3.68,2.53
States,Alabama,2024,10,404,21,2,5.69,5.2,0.5
States,Alabama,2024,11,440,14,4,4.09,3.18,0.91
States,Alabama,2024,12,371,23,4,7.28,6.2,1.08
States,Alabama,2024,13,396,28,1,7.32,7.07,0.25
States,Alabama,2024,14,380,17,2,5,4.47,0.53
States,Alabama,2024,15,388,7,1,2.06,1.8,0.26
States,Alabama,2024,16,302,4,1,1.66,1.32,0.33
States,Alabama,2024,17,354,8,1,2.54,2.26,0.28
States,Alabama,2024,18,274,7,0,2.55,2.55,0
States,Alabama,2024,19,298,9,0,3.02,3.02,0
States,Alabama,2024,20,314,5,0,1.59,1.59,0
States,Alabama,2024,21,261,5,0,1.92,1.92,0
States,Alabama,2024,22,280,3,0,1.07,1.07,0
States,Alabama,2024,23,241,3,0,1.24,1.24,0
States,Alabama,2024,24,279,5,0,1.79,1.79,0
States,Alabama,2024,25,202,1,0,0.5,0.5,0
States,Alabama,2024,26,194,1,0,0.52,0.52,0
States,Alabama,2024,27,214,1,0,0.47,0.47,0
States,Alabama,2024,28,286,4,0,1.4,1.4,0
States,Alabama,2024,29,307,1,0,0.33,0.33,0
States,Alabama,2024,30,244,0,0,0,0,0
States,Alabama,2024,31,312,1,0,0.32,0.32,0
States,Alabama,2024,32,365,1,0,0.27,0.27,0
States,Alabama,2024,33,394,3,0,0.76,0.76,0
States,Alabama,2024,34,490,0,0,0,0,0
States,Alabama,2024,35,394,0,0,0,0,0
States,Alabama,2024,36,374,0,0,0,0,0
States,Alabama,2024,37,358,0,0,0,0,0
States,Alabama,2024,38,343,1,0,0.29,0.29,0
