"*Beginning for the 2015-16 season, reports from public health and clinical laboratories are presented separately in the weekly influenza update, FluView.  This data file includes only data prior to the 2015-16 influenza season, and will be presented with the public health and clinical labs combined."
REGION TYPE,REGION,YEAR,WEEK,TOTAL SPECIMENS,PERCENT POSITIVE,A (2009 H1N1),A (H1),A (H3),A (Subtyping not Performed),A (Unable to Subtype),B,H3N2v,A (H5)
States,Alabama,2010,40,54,0,0,0,0,0,0,0,0,X
States,Alabama,2010,41,46,0,0,0,0,0,0,0,0,X
States,Alabama,2010,42,55,1.82,0,0,0,0,0,1,0,X
States,Alabama,2010,43,64,7.81,0,0,1,1,0,3,0,X
States,Alabama,2010,44,69,15.94,0,0,4,0,0,7,0,X
States,Alabama,2010,45,107,12.15,0,0,2,0,0,11,0,X
States,Alabama,2010,46,97,17.53,0,0,1,0,0,16,0,X
States,Alabama,2010,47,97,17.53,2,0,3,0,0,12,0,X
States,Alabama,2010,48,89,17.98,0,0,3,0,0,13,0,X
States,Alabama,2010,49,106,35.85,1,0,1,0,0,36,0,X
States,Alabama,2010,50,130,43.08,0,0,6,0,0,50,0,X
States,Alabama,2010,51,106,45.28,1,0,10,1,0,36,0,X
States,Alabama,2010,52,152,38.16,2,0,8,1,0,47,0,X
States,Alabama,2011,1,153,35.95,4,0,10,0,0,41,0,X
States,Alabama,2011,2,124,40.32,5,0,6,0,0,39,0,X
States,Alabama,2011,3,113,39.82,10,0,13,1,0,21,0,X
States,Alabama,2011,4,162,42.59,11,0,11,2,0,45,0,X
States,Alabama,2011,5,173,42.77,19,0,17,1,0,37,0,X
States,Alabama,2011,6,148,36.49,15,0,18,5,0,16,0,X
States,Alabama,2011,7,206,33.98,26,0,21,3,0,20,0,X
States,Alabama,2011,8,151,29.14,12,0,19,4,0,9,0,X
States,Alabama,2011,9,122,27.05,9,0,15,6,0,3,0,X
States,Alabama,2011,10,113,24.78,12,0,9,3,0,4,0,X
States,Alabama,2011,11,120,17.5,10,0,7,1,0,3,0,X
States,Alabama,2011,12,80,15,5,0,4,1,0,2,0,X
States,Alabama,2011,13,77,7.79,2,0,3,1,0,0,0,X
States,Alabama,2011,14,50,12,0,0,5,0,0,1,0,X
States,Alabama,2011,15,45,0,0,0,0,0,0,0,0,X
States,Alabama,2011,16,56,0,0,0,0,0,0,0,0,X
States,Alabama,2011,17,40,0,0,0,0,0,0,0,0,X
States,Alabama,2011,18,35,0,0,0,0,0,0,0,0,X
States,Alabama,2011,19,45,2.22,0,0,0,1,0,0,0,X
States,Alabama,2011,20,55,0,0,0,0,0,0,0,0,X
States,Alabama,2011,21,45,0,0,0,0,0,0,0,0,X
States,Alabama,2011,22,33,0,0,0,0,0,0,0,0,X
States,Alabama,2011,23,33,0,0,0,0,0,0,0,0,X
States,Alabama,2011,24,26,0,0,0,0,0,0,0,0,X
States,Alabama,2011,25,24,0,0,0,0,0,0,0,0,X
States,Alabama,2011,26,33,0,0,0,0,0,0,0,0,X
States,Alabama,2011,27,24,0,0,0,0,0,0,0,0,X
States,Alabama,2011,28,32,0,0,0,0,0,0,0,0,X
States,Alabama,2011,29,41,0,0,0,0,0,0,0,0,X
States,Alabama,2011,30,22,0,0,0,0,0,0,0,0,X
States,Alabama,2011,31,25,0,0,0,0,0,0,0,0,X
States,Alabama,2011,32,25,0,0,0,0,0,0,0,0,X
States,Alabama,2011,33,31,0,0,0,0,0,0,0,0,X
States,Alabama,2011,34,35,0,0,0,0,0,0,0,0,X
States,Alabama,2011,35,30,0,0,0,0,0,0,0,0,X
States,Alabama,2011,36,33,0,0,0,0,0,0,0,0,X
States,Alabama,2011,37,27,0,0,0,0,0,0,0,0,X
States,Alabama,2011,38,18,0,0,0,0,0,0,0,0,X
States,Alabama,2011,39,33,0,0,0,0,0,0,0,0,X
States,Alabama,2011,40,51,0,0,0,0,0,0,0,0,X
States,Alabama,2011,41,54,0,0,0,0,0,0,0,0,X
States,Alabama,2011,42,34,0,0,0,0,0,0,0,0,X
States,Alabama,2011,43,59,0,0,0,0,0,0,0,0,X
States,Alabama,2011,44,46,0,0,0,0,0,0,0,0,X
States,Alabama,2011,45,44,0,0,0,0,0,0,0,0,X
States,Alabama,2011,46,52,0,0,0,0,0,0,0,0,X
States,Alabama,2011,47,39,0,0,0,0,0,0,0,0,X
States,Alabama,2011,48,52,0,0,0,0,0,0,0,0,X
States,Alabama,2011,49,48,2.08,0,0,1,0,0,0,0,X
States,Alabama,2011,50,62,0,0,0,0,0,0,0,0,X
States,Alabama,2011,51,57,0,0,0,0,0,0,0,0,X
States,Alabama,2011,52,51,1.96,0,0,1,0,0,0,0,X
States,Alabama,2012,1,65,1.54,1,0,0,0,0,0,0,X
States,Alabama,2012,2,57,0,0,0,0,0,0,0,0,X
States,Alabama,2012,3,70,2.86,0,0,2,0,0,0,0,X
States,Alabama,2012,4,68,4.41,0,0,3,0,0,0,0,X
States,Alabama,2012,5,67,17.91,0,0,11,0,0,1,0,X
States,Alabama,2012,6,72,5.56,0,0,4,0,0,0,0,X
States,Alabama,2012,7,82,12.2,1,0,9,0,0,0,0,X
States,Alabama,2012,8,88,17.05,1,0,13,0,0,1,0,X
States,Alabama,2012,9,86,17.44,0,0,14,0,0,1,0,X
States,Alabama,2012,10,68,14.71,0,0,10,0,0,0,0,X
States,Alabama,2012,11,83,16.87,2,0,10,1,0,1,0,X
States,Alabama,2012,12,80,23.75,2,0,16,1,0,0,0,X
States,Alabama,2012,13,65,7.69,0,0,5,0,0,0,0,X
States,Alabama,2012,14,63,9.52,1,0,5,0,0,0,0,X
States,Alabama,2012,15,58,3.45,0,0,1,1,0,0,0,X
States,Alabama,2012,16,65,1.54,0,0,1,0,0,0,0,X
States,Alabama,2012,17,50,4,0,0,2,0,0,0,0,X
States,Alabama,2012,18,54,11.11,1,0,4,1,0,0,0,X
States,Alabama,2012,19,55,5.45,0,0,3,0,0,0,0,X
States,Alabama,2012,20,55,9.09,0,0,5,0,0,0,0,X
States,Alabama,2012,21,45,2.22,0,0,0,1,0,0,0,X
States,Alabama,2012,22,37,0,0,0,0,0,0,0,0,X
States,Alabama,2012,23,49,2.04,0,0,1,0,0,0,0,X
States,Alabama,2012,24,35,0,0,0,0,0,0,0,0,X
States,Alabama,2012,25,40,0,0,0,0,0,0,0,0,X
States,Alabama,2012,26,42,0,0,0,0,0,0,0,0,X
States,Alabama,2012,27,17,0,0,0,0,0,0,0,0,X
States,Alabama,2012,28,32,0,0,0,0,0,0,0,0,X
States,Alabama,2012,29,35,0,0,0,0,0,0,0,0,X
States,Alabama,2012,30,26,0,0,0,0,0,0,0,0,X
States,Alabama,2012,31,34,0,0,0,0,0,0,0,0,X
States,Alabama,2012,32,39,0,0,0,0,0,0,0,0,X
States,Alabama,2012,33,33,0,0,0,0,0,0,0,0,X
States,Alabama,2012,34,51,0,0,0,0,0,0,0,0,X
States,Alabama,2012,35,44,0,0,0,0,0,0,0,0,X
States,Alabama,2012,36,45,2.22,0,0,1,0,0,0,0,X
States,Alabama,2012,37,56,1.79,0,0,0,0,0,1,0,X
States,Alabama,2012,38,54,1.85,0,0,1,0,0,0,0,X
States,Alabama,2012,39,53,3.77,0,0,0,0,0,2,0,X
States,Alabama,2012,40,59,1.69,0,0,1,0,0,0,0,X
States,Alabama,2012,41,41,4.88,0,0,2,0,0,0,0,X
States,Alabama,2012,42,62,3.23,0,0,2,0,0,0,0,X
States,Alabama,2012,43,55,5.45,0,0,3,0,0,0,0,X
States,Alabama,2012,44,67,10.45,0,0,7,0,0,0,0,X
States,Alabama,2012,45,69,18.84,0,0,13,0,0,0,0,X
States,Alabama,2012,46,79,26.58,0,0,17,1,0,3,0,X
States,Alabama,2012,47,86,15.12,0,0,13,0,0,0,0,X
States,Alabama,2012,48,117,35.04,0,0,32,1,0,8,0,X
States,Alabama,2012,49,176,44.89,0,0,72,0,0,7,0,X
States,Alabama,2012,50,159,44.65,0,0,61,1,0,9,0,X
States,Alabama,2012,51,160,40.63,0,0,60,1,0,4,0,X
States,Alabama,2012,52,105,45.71,2,0,42,1,0,3,0,X
States,Alabama,2013,1,141,29.79,1,0,36,1,0,4,0,X
States,Alabama,2013,2,122,25.41,0,0,29,1,0,1,0,X
States,Alabama,2013,3,78,29.49,0,0,13,0,0,10,0,X
States,Alabama,2013,4,94,14.89,0,0,11,0,0,3,0,X
States,Alabama,2013,5,80,8.75,1,0,4,0,0,2,0,X
States,Alabama,2013,6,93,4.3,0,0,2,0,0,2,0,X
States,Alabama,2013,7,70,4.29,0,0,1,0,0,2,0,X
States,Alabama,2013,8,61,1.64,0,0,1,0,0,0,0,X
States,Alabama,2013,9,70,8.57,1,0,5,0,0,0,0,X
States,Alabama,2013,10,74,1.35,0,0,1,0,0,0,0,X
States,Alabama,2013,11,62,4.84,0,0,0,0,0,3,0,X
States,Alabama,2013,12,64,1.56,0,0,0,0,0,1,0,X
States,Alabama,2013,13,48,10.42,0,0,0,0,0,5,0,X
States,Alabama,2013,14,X,X,X,X,X,X,X,X,X,X
States,Alabama,2013,15,68,1.47,0,0,0,0,0,1,0,X
States,Alabama,2013,16,77,2.6,1,0,0,0,0,1,0,X
States,Alabama,2013,17,56,0,0,0,0,0,0,0,0,X
States,Alabama,2013,18,62,0,0,0,0,0,0,0,0,X
States,Alabama,2013,19,X,X,X,X,X,X,X,X,X,X
States,Alabama,2013,20,X,X,X,X,X,X,X,X,X,X
States,Alabama,2013,21,165,2.42,0,0,2,0,0,2,0,X
States,Alabama,2013,22,48,6.25,0,0,1,0,0,2,0,X
States,Alabama,2013,23,X,X,X,X,X,X,X,X,X,X
States,Alabama,2013,24,55,5.45,1,0,2,0,0,0,0,X
States,Alabama,2013,25,54,0,0,0,0,0,0,0,0,X
States,Alabama,2013,26,46,2.17,0,0,1,0,0,0,0,X
States,Alabama,2013,27,31,0,0,0,0,0,0,0,0,X
States,Alabama,2013,28,44,0,0,0,0,0,0,0,0,X
States,Alabama,2013,29,40,0,0,0,0,0,0,0,0,X
States,Alabama,2013,30,31,0,0,0,0,0,0,0,0,X
States,Alabama,2013,31,29,0,0,0,0,0,0,0,0,X
States,Alabama,2013,32,47,0,0,0,0,0,0,0,0,X
States,Alabama,2013,33,40,0,0,0,0,0,0,0,0,X
States,Alabama,2013,34,33,0,0,0,0,0,0,0,0,X
States,Alabama,2013,35,45,0,0,0,0,0,0,0,0,X
States,Alabama,2013,36,51,0,0,0,0,0,0,0,0,X
States,Alabama,2013,37,X,X,X,X,X,X,X,X,X,X
States,Alabama,2013,38,X,X,X,X,X,X,X,X,X,X
States,Alabama,2013,39,X,X,X,X,X,X,X,X,X,X
States,Alabama,2013,40,10,70,7,0,0,0,0,0,0,X
States,Alabama,2013,41,15,46.67,7,0,0,0,0,0,0,X
States,Alabama,2013,42,X,X,X,X,X,X,X,X,X,X
States,Alabama,2013,43,X,X,X,X,X,X,X,X,X,X
States,Alabama,2013,44,15,46.67,7,0,0,0,0,0,0,X
States,Alabama,2013,45,17,52.94,9,0,0,0,0,0,0,X
States,Alabama,2013,46,X,X,X,X,X,X,X,X,X,X
States,Alabama,2013,47,23,30.43,7,0,0,0,0,0,0,X
States,Alabama,2013,48,14,28.57,4,0,0,0,0,0,0,X
States,Alabama,2013,49,22,9.09,2,0,0,0,0,0,0,X
States,Alabama,2013,50,19,15.79,3,0,0,0,0,0,0,X
States,Alabama,2013,51,114,9.65,10,0,0,1,0,0,0,X
States,Alabama,2013,52,92,6.52,3,0,0,3,0,0,0,X
States,Alabama,2014,1,126,6.35,4,0,0,4,0,0,0,X
States,Alabama,2014,2,147,10.88,13,0,0,3,0,0,0,X
States,Alabama,2014,3,137,11.68,13,0,0,3,0,0,0,X
States,Alabama,2014,4,99,6.06,6,0,0,0,0,0,0,X
States,Alabama,2014,5,81,3.7,2,0,0,1,0,0,0,X
States,Alabama,2014,6,109,4.59,4,0,0,1,0,0,0,X
States,Alabama,2014,7,77,2.6,1,0,0,0,0,1,0,X
States,Alabama,2014,8,111,2.7,1,0,0,1,0,1,0,X
States,Alabama,2014,9,107,2.8,1,0,0,1,0,1,0,X
States,Alabama,2014,10,100,6,3,0,1,2,0,0,0,X
States,Alabama,2014,11,94,3.19,0,0,0,0,0,3,0,X
States,Alabama,2014,12,86,4.65,1,0,0,0,0,3,0,X
States,Alabama,2014,13,64,3.13,0,0,1,0,0,1,0,X
States,Alabama,2014,14,66,1.52,0,0,0,0,0,1,0,X
States,Alabama,2014,15,82,2.44,0,0,0,0,0,2,0,X
States,Alabama,2014,16,64,0,0,0,0,0,0,0,0,X
States,Alabama,2014,17,64,3.13,0,0,0,0,0,2,0,X
States,Alabama,2014,18,68,0,0,0,0,0,0,0,0,X
States,Alabama,2014,19,57,1.75,0,0,0,0,0,1,0,X
States,Alabama,2014,20,60,0,0,0,0,0,0,0,0,X
States,Alabama,2014,21,61,3.28,0,0,2,0,0,0,0,X
States,Alabama,2014,22,52,1.92,0,0,0,0,0,1,0,X
States,Alabama,2014,23,56,0,0,0,0,0,0,0,0,X
States,Alabama,2014,24,65,0,0,0,0,0,0,0,0,X
States,Alabama,2014,25,30,0,0,0,0,0,0,0,0,X
States,Alabama,2014,26,48,0,0,0,0,0,0,0,0,X
States,Alabama,2014,27,43,0,0,0,0,0,0,0,0,X
States,Alabama,2014,28,44,0,0,0,0,0,0,0,0,X
States,Alabama,2014,29,48,0,0,0,0,0,0,0,0,X
States,Alabama,2014,30,35,0,0,0,0,0,0,0,0,X
States,Alabama,2014,31,45,0,0,0,0,0,0,0,0,X
States,Alabama,2014,32,35,0,0,0,0,0,0,0,0,X
States,Alabama,2014,33,45,0,0,0,0,0,0,0,0,X
States,Alabama,2014,34,49,0,0,0,0,0,0,0,0,X
States,Alabama,2014,35,51,0,0,0,0,0,0,0,0,X
States,Alabama,2014,36,51,0,0,0,0,0,0,0,0,X
States,Alabama,2014,37,49,0,0,0,0,0,0,0,0,X
States,Alabama,2014,38,40,0,0,0,0,0,0,0,0,X
States,Alabama,2014,39,57,0,0,0,0,0,0,0,0,X
States,Alabama,2014,40,97,2.06,0,0,0,0,0,2,0,X
States,Alabama,2014,41,125,0,0,0,0,0,0,0,0,X
States,Alabama,2014,42,122,1.64,0,0,1,1,0,0,0,X
States,Alabama,2014,43,139,4.32,0,0,3,2,0,1,0,X
States,Alabama,2014,44,116,0,0,0,0,0,0,0,0,X
States,Alabama,2014,45,136,2.94,0,0,4,0,0,0,0,X
States,Alabama,2014,46,140,2.86,0,0,3,0,0,1,0,X
States,Alabama,2014,47,150,9.33,0,0,11,3,0,0,0,X
States,Alabama,2014,48,125,9.6,0,0,9,3,0,0,0,X
States,Alabama,2014,49,192,15.1,0,0,23,4,0,2,0,X
States,Alabama,2014,50,211,17.54,0,0,9,25,0,3,0,X
States,Alabama,2014,51,467,33.83,0,0,17,134,0,7,0,X
States,Alabama,2014,52,714,36.13,0,0,27,224,0,7,0,X
States,Alabama,2014,53,655,19.39,0,0,13,110,0,4,0,X
States,Alabama,2015,1,423,16.08,0,0,21,44,0,3,0,X
States,Alabama,2015,2,325,13.85,0,0,12,28,0,5,0,X
States,Alabama,2015,3,309,14.24,0,0,13,27,0,4,0,X
States,Alabama,2015,4,320,13.75,0,0,14,21,0,9,0,X
States,Alabama,2015,5,321,14.64,0,0,12,23,0,12,0,X
States,Alabama,2015,6,365,11.51,0,0,7,19,0,16,0,X
States,Alabama,2015,7,316,11.39,0,0,4,16,0,16,0,X
States,Alabama,2015,8,307,12.05,0,0,2,17,0,18,0,X
States,Alabama,2015,9,343,16.33,0,0,0,23,0,33,0,X
States,Alabama,2015,10,271,12.18,0,0,3,3,0,27,0,X
States,Alabama,2015,11,207,11.11,0,0,0,7,0,16,0,X
States,Alabama,2015,12,214,9.81,0,0,0,5,0,16,0,X
States,Alabama,2015,13,168,3.57,0,0,0,2,0,4,0,X
States,Alabama,2015,14,131,5.34,0,0,0,3,0,4,0,X
States,Alabama,2015,15,138,2.9,0,0,0,2,0,2,0,X
States,Alabama,2015,16,111,0,0,0,0,0,0,0,0,X
States,Alabama,2015,17,98,1.02,0,0,0,0,0,1,0,X
States,Alabama,2015,18,90,0,0,0,0,0,0,0,0,X
States,Alabama,2015,19,61,0,0,0,0,0,0,0,0,X
States,Alabama,2015,20,71,0,0,0,0,0,0,0,0,X
States,Alabama,2015,21,37,0,0,0,0,0,0,0,0,X
States,Alabama,2015,22,46,0,0,0,0,0,0,0,0,X
States,Alabama,2015,23,34,0,0,0,0,0,0,0,0,X
States,Alabama,2015,24,37,0,0,0,0,0,0,0,0,X
States,Alabama,2015,25,43,0,0,0,0,0,0,0,0,X
States,Alabama,2015,26,33,0,0,0,0,0,0,0,0,X
States,Alabama,2015,27,30,0,0,0,0,0,0,0,0,X
States,Alabama,2015,28,35,0,0,0,0,0,0,0,0,X
States,Alabama,2015,29,30,0,0,0,0,0,0,0,0,X
States,Alabama,2015,30,20,0,0,0,0,0,0,0,0,X
States,Alabama,2015,31,30,0,0,0,0,0,0,0,0,X
States,Alabama,2015,32,42,0,0,0,0,0,0,0,0,X
States,Alabama,2015,33,33,0,0,0,0,0,0,0,0,X
States,Alabama,2015,34,37,0,0,0,0,0,0,0,0,X
States,Alabama,2015,35,38,7.89,0,0,1,1,0,1,0,X
States,Alabama,2015,36,60,5,0,0,2,0,0,1,0,X
States,Alabama,2015,37,68,0,0,0,0,0,0,0,0,X
States,Alabama,2015,38,78,0,0,0,0,0,0,0,0,X
States,Alabama,2015,39,94,0,0,0,0,0,0,0,0,X
