PERCENTAGE OF VISITS FOR INFLUENZA-LIKE-ILLNESS REPORTED BY SENTINEL PROVIDERS
REGION TYPE,REGION,YEAR,WEEK,% WEIGHTED ILI,%UNWEIGHTED ILI,AGE 0-4,AGE 25-49,AGE 25-64,AGE 5-24,AGE 50-64,AGE 65,ILITOTAL,NUM. OF PROVIDERS,TOTAL PATIENTS
States,California,2010,40,X,1.95412,X,X,X,X,X,X,632,112,32342
States,California,2010,41,X,2.15266,X,X,X,X,X,X,742,122,34469
States,California,2010,42,X,2.24173,X,X,X,X,X,X,766,126,34170
States,California,2010,43,X,1.91748,X,X,X,X,X,X,666,130,34733
States,California,2010,44,X,2.52326,X,X,X,X,X,X,887,131,35153
States,California,2010,45,X,2.74562,X,X,X,X,X,X,906,126,32998
States,California,2010,46,X,2.81963,X,X,X,X,X,X,1020,131,36175
States,California,2010,47,X,3.16132,X,X,X,X,X,X,729,134,23060
States,California,2010,48,X,2.60631,X,X,X,X,X,X,939,135,36028
States,California,2010,49,X,3.05613,X,X,X,X,X,X,1072,135,35077
States,California,2010,50,X,3.6598,X,X,X,X,X,X,1170,128,31969
States,California,2010,51,X,4.62077,X,X,X,X,X,X,1057,127,22875
States,California,2010,52,X,4.6895,X,X,X,X,X,X,916,125,19533
States,California,2011,1,X,3.56213,X,X,X,X,X,X,1190,129,33407
States,California,2011,2,X,3.79325,X,X,X,X,X,X,1354,132,35695
States,California,2011,3,X,4.02689,X,X,X,X,X,X,1324,130,32879
States,California,2011,4,X,4.60501,X,X,X,X,X,X,1768,132,38393
States,California,2011,5,X,4.33983,X,X,X,X,X,X,1747,133,40255
States,California,2011,6,X,4.88711,X,X,X,X,X,X,1987,138,40658
States,California,2011,7,X,5.07162,X,X,X,X,X,X,2036,136,40145
States,California,2011,8,X,5.17402,X,X,X,X,X,X,1775,134,34306
States,California,2011,9,X,5.00087,X,X,X,X,X,X,2007,138,40133
States,California,2011,10,X,4.69447,X,X,X,X,X,X,1853,136,39472
States,California,2011,11,X,4.4379,X,X,X,X,X,X,1598,134,36008
States,California,2011,12,X,3.29703,X,X,X,X,X,X,1111,127,33697
States,California,2011,13,X,3.2,X,X,X,X,X,X,1160,131,36250
States,California,2011,14,X,2.64683,X,X,X,X,X,X,927,121,35023
States,California,2011,15,X,2.57193,X,X,X,X,X,X,918,120,35693
States,California,2011,16,X,2.24199,X,X,X,X,X,X,736,119,32828
States,California,2011,17,X,2.34436,X,X,X,X,X,X,784,112,33442
States,California,2011,18,X,2.14632,X,X,X,X,X,X,734,111,34198
States,California,2011,19,X,2.05279,X,X,X,X,X,X,672,110,32736
States,California,2011,20,X,2.13285,X,X,X,X,X,X,700,113,32820
States,California,2011,21,X,2.10667,X,X,X,X,X,X,583,94,27674
States,California,2011,22,X,2.5765,X,X,X,X,X,X,581,91,22550
States,California,2011,23,X,2.26424,X,X,X,X,X,X,588,87,25969
States,California,2011,24,X,1.84762,X,X,X,X,X,X,461,88,24951
States,California,2011,25,X,1.73298,X,X,X,X,X,X,436,88,25159
States,California,2011,26,X,1.67684,X,X,X,X,X,X,426,80,25405
States,California,2011,27,X,1.68774,X,X,X,X,X,X,343,82,20323
States,California,2011,28,X,1.60432,X,X,X,X,X,X,383,84,23873
States,California,2011,29,X,1.45437,X,X,X,X,X,X,327,78,22484
States,California,2011,30,X,1.35141,X,X,X,X,X,X,303,79,22421
States,California,2011,31,X,0.553292,X,X,X,X,X,X,91,74,16447
States,California,2011,32,X,1.35688,X,X,X,X,X,X,295,80,21741
States,California,2011,33,X,1.1637,X,X,X,X,X,X,284,82,24405
States,California,2011,34,X,1.34833,X,X,X,X,X,X,350,83,25958
States,California,2011,35,X,1.47857,X,X,X,X,X,X,376,79,25430
States,California,2011,36,X,1.60215,X,X,X,X,X,X,322,77,20098
States,California,2011,37,X,1.74891,X,X,X,X,X,X,420,76,24015
States,California,2011,38,X,1.75994,X,X,X,X,X,X,445,74,25285
States,California,2011,39,X,1.84745,X,X,X,X,X,X,474,73,25657
States,California,2011,40,X,1.80295,X,X,X,X,X,X,568,116,31504
States,California,2011,41,X,2.06534,X,X,X,X,X,X,703,122,34038
States,California,2011,42,X,2.38294,X,X,X,X,X,X,801,116,33614
States,California,2011,43,X,2.29128,X,X,X,X,X,X,797,118,34784
States,California,2011,44,X,2.48358,X,X,X,X,X,X,866,125,34869
States,California,2011,45,X,2.1744,X,X,X,X,X,X,784,127,36056
States,California,2011,46,X,2.6274,X,X,X,X,X,X,992,123,37756
States,California,2011,47,X,2.51216,X,X,X,X,X,X,594,125,23645
States,California,2011,48,X,1.6858,X,X,X,X,X,X,511,125,30312
States,California,2011,49,X,2.7037,X,X,X,X,X,X,883,128,32659
States,California,2011,50,X,3.02135,X,X,X,X,X,X,951,127,31476
States,California,2011,51,X,3.60781,X,X,X,X,X,X,843,121,23366
States,California,2011,52,X,4.3531,X,X,X,X,X,X,718,117,16494
States,California,2012,1,X,3.50589,X,X,X,X,X,X,854,122,24359
States,California,2012,2,X,2.94298,X,X,X,X,X,X,958,124,32552
States,California,2012,3,X,2.73705,X,X,X,X,X,X,855,125,31238
States,California,2012,4,X,3.53247,X,X,X,X,X,X,1224,126,34650
States,California,2012,5,X,3.85357,X,X,X,X,X,X,1359,129,35266
States,California,2012,6,X,3.29788,X,X,X,X,X,X,1265,130,38358
States,California,2012,7,X,3.57343,X,X,X,X,X,X,1278,130,35764
States,California,2012,8,X,4.20562,X,X,X,X,X,X,1300,125,30911
States,California,2012,9,X,3.54025,X,X,X,X,X,X,1253,127,35393
States,California,2012,10,X,2.69266,X,X,X,X,X,X,812,128,30156
States,California,2012,11,X,3.12447,X,X,X,X,X,X,920,128,29445
States,California,2012,12,X,2.83205,X,X,X,X,X,X,819,124,28919
States,California,2012,13,X,3.89886,X,X,X,X,X,X,1229,127,31522
States,California,2012,14,X,2.99164,X,X,X,X,X,X,952,120,31822
States,California,2012,15,X,2.87193,X,X,X,X,X,X,927,118,32278
States,California,2012,16,X,2.15102,X,X,X,X,X,X,717,116,33333
States,California,2012,17,X,2.15365,X,X,X,X,X,X,693,113,32178
States,California,2012,18,X,2.36106,X,X,X,X,X,X,732,107,31003
States,California,2012,19,X,2.17778,X,X,X,X,X,X,673,99,30903
States,California,2012,20,X,2.04531,X,X,X,X,X,X,613,94,29971
States,California,2012,21,X,2.22589,X,X,X,X,X,X,593,91,26641
States,California,2012,22,X,2.21439,X,X,X,X,X,X,465,89,20999
States,California,2012,23,X,2.01533,X,X,X,X,X,X,497,88,24661
States,California,2012,24,X,1.81274,X,X,X,X,X,X,466,88,25707
States,California,2012,25,X,2.03814,X,X,X,X,X,X,482,85,23649
States,California,2012,26,X,1.875,X,X,X,X,X,X,411,80,21920
States,California,2012,27,X,1.93357,X,X,X,X,X,X,365,81,18877
States,California,2012,28,X,1.82661,X,X,X,X,X,X,390,74,21351
States,California,2012,29,X,1.69307,X,X,X,X,X,X,357,76,21086
States,California,2012,30,X,1.68499,X,X,X,X,X,X,354,76,21009
States,California,2012,31,X,1.75422,X,X,X,X,X,X,362,77,20636
States,California,2012,32,X,1.61435,X,X,X,X,X,X,343,74,21247
States,California,2012,33,X,1.07686,X,X,X,X,X,X,160,70,14858
States,California,2012,34,X,1.88368,X,X,X,X,X,X,411,73,21819
States,California,2012,35,X,2.0159,X,X,X,X,X,X,525,74,26043
States,California,2012,36,X,2.3227,X,X,X,X,X,X,543,76,23378
States,California,2012,37,X,2.2445,X,X,X,X,X,X,627,75,27935
States,California,2012,38,X,2.43955,X,X,X,X,X,X,678,73,27792
States,California,2012,39,X,2.40973,X,X,X,X,X,X,656,69,27223
States,California,2012,40,X,2.10133,X,X,X,X,X,X,720,123,34264
States,California,2012,41,X,2.26502,X,X,X,X,X,X,781,123,34481
States,California,2012,42,X,2.35697,X,X,X,X,X,X,840,126,35639
States,California,2012,43,X,2.37177,X,X,X,X,X,X,812,122,34236
States,California,2012,44,X,2.45736,X,X,X,X,X,X,853,119,34712
States,California,2012,45,X,2.56157,X,X,X,X,X,X,909,120,35486
States,California,2012,46,X,2.51209,X,X,X,X,X,X,857,123,34115
States,California,2012,47,X,2.73042,X,X,X,X,X,X,639,123,23403
States,California,2012,48,X,2.56313,X,X,X,X,X,X,946,129,36908
States,California,2012,49,X,2.45937,X,X,X,X,X,X,905,128,36798
States,California,2012,50,X,2.70899,X,X,X,X,X,X,920,126,33961
States,California,2012,51,X,3.37338,X,X,X,X,X,X,1025,117,30385
States,California,2012,52,X,5.49621,X,X,X,X,X,X,957,110,17412
States,California,2013,1,X,3.62306,X,X,X,X,X,X,812,123,22412
States,California,2013,2,X,3.7083,X,X,X,X,X,X,1255,125,33843
States,California,2013,3,X,4.98923,X,X,X,X,X,X,1783,126,35737
States,California,2013,4,X,5.83965,X,X,X,X,X,X,2043,124,34985
States,California,2013,5,X,6.10146,X,X,X,X,X,X,2349,126,38499
States,California,2013,6,X,5.4357,X,X,X,X,X,X,1993,115,36665
States,California,2013,7,X,4.86921,X,X,X,X,X,X,1746,120,35858
States,California,2013,8,X,4.14831,X,X,X,X,X,X,1365,123,32905
States,California,2013,9,X,3.70949,X,X,X,X,X,X,1354,123,36501
States,California,2013,10,X,3.98337,X,X,X,X,X,X,1399,121,35121
States,California,2013,11,X,3.45064,X,X,X,X,X,X,1159,115,33588
States,California,2013,12,X,3.237,X,X,X,X,X,X,1017,116,31418
States,California,2013,13,X,2.96289,X,X,X,X,X,X,871,117,29397
States,California,2013,14,X,2.50403,X,X,X,X,X,X,715,108,28554
States,California,2013,15,X,1.97829,X,X,X,X,X,X,687,109,34727
States,California,2013,16,X,1.82625,X,X,X,X,X,X,609,106,33347
States,California,2013,17,X,1.7337,X,X,X,X,X,X,600,111,34608
States,California,2013,18,X,1.6856,X,X,X,X,X,X,561,106,33282
States,California,2013,19,X,1.62542,X,X,X,X,X,X,528,107,32484
States,California,2013,20,X,1.69397,X,X,X,X,X,X,545,100,32173
States,California,2013,21,X,1.59179,X,X,X,X,X,X,495,96,31097
States,California,2013,22,X,1.52385,X,X,X,X,X,X,390,98,25593
States,California,2013,23,X,1.54648,X,X,X,X,X,X,454,98,29357
States,California,2013,24,X,1.58567,X,X,X,X,X,X,433,92,27307
States,California,2013,25,X,1.59109,X,X,X,X,X,X,407,90,25580
States,California,2013,26,X,1.41541,X,X,X,X,X,X,355,89,25081
States,California,2013,27,X,1.43255,X,X,X,X,X,X,288,91,20104
States,California,2013,28,X,1.25056,X,X,X,X,X,X,334,92,26708
States,California,2013,29,X,1.30391,X,X,X,X,X,X,325,88,24925
States,California,2013,30,X,1.3224,X,X,X,X,X,X,324,85,24501
States,California,2013,31,X,1.22818,X,X,X,X,X,X,299,82,24345
States,California,2013,32,X,1.32131,X,X,X,X,X,X,299,78,22629
States,California,2013,33,X,1.21946,X,X,X,X,X,X,285,75,23371
States,California,2013,34,X,1.19376,X,X,X,X,X,X,294,73,24628
States,California,2013,35,X,1.53035,X,X,X,X,X,X,389,75,25419
States,California,2013,36,X,1.63164,X,X,X,X,X,X,354,76,21696
States,California,2013,37,X,1.70543,X,X,X,X,X,X,440,75,25800
States,California,2013,38,X,1.67839,X,X,X,X,X,X,451,77,26871
States,California,2013,39,X,1.94581,X,X,X,X,X,X,530,80,27238
States,California,2013,40,X,1.52479,X,X,X,X,X,X,633,137,41514
States,California,2013,41,X,1.75269,X,X,X,X,X,X,744,137,42449
States,California,2013,42,X,1.74662,X,X,X,X,X,X,687,133,39333
States,California,2013,43,X,1.77965,X,X,X,X,X,X,744,133,41806
States,California,2013,44,X,1.99307,X,X,X,X,X,X,828,139,41544
States,California,2013,45,X,2.29774,X,X,X,X,X,X,977,147,42520
States,California,2013,46,X,2.29161,X,X,X,X,X,X,888,146,38750
States,California,2013,47,X,2.13404,X,X,X,X,X,X,868,138,40674
States,California,2013,48,X,2.59558,X,X,X,X,X,X,702,138,27046
States,California,2013,49,X,2.32553,X,X,X,X,X,X,970,139,41711
States,California,2013,50,X,2.77058,X,X,X,X,X,X,1080,141,38981
States,California,2013,51,X,3.1557,X,X,X,X,X,X,1137,137,36030
States,California,2013,52,X,5.10491,X,X,X,X,X,X,1107,130,21685
States,California,2014,1,X,5.1101,X,X,X,X,X,X,1397,137,27338
States,California,2014,2,X,4.61744,X,X,X,X,X,X,1866,138,40412
States,California,2014,3,X,4.57287,X,X,X,X,X,X,1903,140,41615
States,California,2014,4,X,5.04872,X,X,X,X,X,X,2005,138,39713
States,California,2014,5,X,4.28707,X,X,X,X,X,X,1813,131,42290
States,California,2014,6,X,3.83781,X,X,X,X,X,X,1628,137,42420
States,California,2014,7,X,3.46235,X,X,X,X,X,X,1357,131,39193
States,California,2014,8,X,3.38719,X,X,X,X,X,X,1176,127,34719
States,California,2014,9,X,3.03955,X,X,X,X,X,X,1165,125,38328
States,California,2014,10,X,2.72134,X,X,X,X,X,X,1034,122,37996
States,California,2014,11,X,2.31375,X,X,X,X,X,X,882,119,38120
States,California,2014,12,X,2.39688,X,X,X,X,X,X,892,121,37215
States,California,2014,13,X,1.99261,X,X,X,X,X,X,685,118,34377
States,California,2014,14,X,2.01378,X,X,X,X,X,X,672,116,33370
States,California,2014,15,X,1.84637,X,X,X,X,X,X,655,112,35475
States,California,2014,16,X,1.87291,X,X,X,X,X,X,611,106,32623
States,California,2014,17,X,1.83302,X,X,X,X,X,X,602,98,32842
States,California,2014,18,X,1.69241,X,X,X,X,X,X,562,95,33207
States,California,2014,19,X,1.72803,X,X,X,X,X,X,551,92,31886
States,California,2014,20,X,1.80206,X,X,X,X,X,X,569,88,31575
States,California,2014,21,X,2.0838,X,X,X,X,X,X,563,88,27018
States,California,2014,22,X,1.86448,X,X,X,X,X,X,454,86,24350
States,California,2014,23,X,1.88064,X,X,X,X,X,X,531,88,28235
States,California,2014,24,X,1.80584,X,X,X,X,X,X,508,87,28131
States,California,2014,25,X,1.77155,X,X,X,X,X,X,458,84,25853
States,California,2014,26,X,1.76479,X,X,X,X,X,X,473,84,26802
States,California,2014,27,X,1.80666,X,X,X,X,X,X,405,86,22417
States,California,2014,28,X,1.49365,X,X,X,X,X,X,402,89,26914
States,California,2014,29,X,1.48858,X,X,X,X,X,X,382,83,25662
States,California,2014,30,X,1.26523,X,X,X,X,X,X,325,85,25687
States,California,2014,31,X,1.27847,X,X,X,X,X,X,339,87,26516
States,California,2014,32,X,1.05709,X,X,X,X,X,X,267,85,25258
States,California,2014,33,X,1.05714,X,X,X,X,X,X,242,74,22892
States,California,2014,34,X,1.20447,X,X,X,X,X,X,291,72,24160
States,California,2014,35,X,1.31574,X,X,X,X,X,X,357,76,27133
States,California,2014,36,X,1.58283,X,X,X,X,X,X,348,70,21986
States,California,2014,37,X,1.87174,X,X,X,X,X,X,481,67,25698
States,California,2014,38,X,1.86948,X,X,X,X,X,X,487,68,26050
States,California,2014,39,X,1.78656,X,X,X,X,X,X,453,66,25356
States,California,2014,40,X,1.9089,X,X,X,X,X,X,831,129,43533
States,California,2014,41,X,2.01872,X,X,X,X,X,X,936,136,46366
States,California,2014,42,X,1.88158,X,X,X,X,X,X,886,139,47088
States,California,2014,43,X,1.84197,X,X,X,X,X,X,873,147,47395
States,California,2014,44,X,1.88603,X,X,X,X,X,X,844,154,44750
States,California,2014,45,X,2.22964,X,X,X,X,X,X,1048,157,47003
States,California,2014,46,X,2.21797,X,X,X,X,X,X,858,141,38684
States,California,2014,47,X,2.48984,X,X,X,X,X,X,1176,160,47232
States,California,2014,48,X,2.72718,X,X,X,X,X,X,840,159,30801
States,California,2014,49,X,2.40936,X,X,X,X,X,X,1129,165,46859
States,California,2014,50,X,2.57737,X,X,X,X,X,X,1151,159,44658
States,California,2014,51,X,2.90369,X,X,X,X,X,X,1171,152,40328
States,California,2014,52,X,4.47729,X,X,X,X,X,X,1048,151,23407
States,California,2014,53,X,4.77128,X,X,X,X,X,X,1284,152,26911
States,California,2015,1,X,3.99683,X,X,X,X,X,X,1865,157,46662
States,California,2015,2,X,4.33141,X,X,X,X,X,X,2065,152,47675
States,California,2015,3,X,4.88005,X,X,X,X,X,X,2140,152,43852
States,California,2015,4,X,5.01063,X,X,X,X,X,X,2452,155,48936
States,California,2015,5,X,4.505,X,X,X,X,X,X,2192,144,48657
States,California,2015,6,X,4.0094,X,X,X,X,X,X,1774,141,44246
States,California,2015,7,X,3.44632,X,X,X,X,X,X,1396,147,40507
States,California,2015,8,X,3.17311,X,X,X,X,X,X,1488,149,46894
States,California,2015,9,X,3.07302,X,X,X,X,X,X,1369,148,44549
States,California,2015,10,X,3.17645,X,X,X,X,X,X,1472,142,46341
States,California,2015,11,X,2.9528,X,X,X,X,X,X,1278,138,43281
States,California,2015,12,X,2.65624,X,X,X,X,X,X,1097,137,41299
States,California,2015,13,X,2.655,X,X,X,X,X,X,1050,138,39548
States,California,2015,14,X,2.39851,X,X,X,X,X,X,950,139,39608
States,California,2015,15,X,2.11801,X,X,X,X,X,X,906,139,42776
States,California,2015,16,X,2.13528,X,X,X,X,X,X,858,125,40182
States,California,2015,17,X,2.14816,X,X,X,X,X,X,912,129,42455
States,California,2015,18,X,2.22859,X,X,X,X,X,X,910,125,40833
States,California,2015,19,X,2.26505,X,X,X,X,X,X,905,125,39955
States,California,2015,20,X,2.10943,X,X,X,X,X,X,768,123,36408
States,California,2015,21,X,2.07654,X,X,X,X,X,X,643,120,30965
States,California,2015,22,X,2.17739,X,X,X,X,X,X,680,98,31230
States,California,2015,23,X,1.96065,X,X,X,X,X,X,576,100,29378
States,California,2015,24,X,1.86878,X,X,X,X,X,X,507,99,27130
States,California,2015,25,X,1.65902,X,X,X,X,X,X,459,97,27667
States,California,2015,26,X,1.64078,X,X,X,X,X,X,393,97,23952
States,California,2015,27,X,1.4891,X,X,X,X,X,X,420,96,28205
States,California,2015,28,X,1.27019,X,X,X,X,X,X,339,94,26689
States,California,2015,29,X,1.07618,X,X,X,X,X,X,293,96,27226
States,California,2015,30,X,1.07527,X,X,X,X,X,X,282,90,26226
States,California,2015,31,X,1.06028,X,X,X,X,X,X,283,93,26691
States,California,2015,32,X,1.22321,X,X,X,X,X,X,351,103,28695
States,California,2015,33,X,1.15595,X,X,X,X,X,X,350,98,30278
States,California,2015,34,X,1.30353,X,X,X,X,X,X,431,99,33064
States,California,2015,35,X,1.26281,X,X,X,X,X,X,419,97,33180
States,California,2015,36,X,0.909243,X,X,X,X,X,X,218,95,23976
States,California,2015,37,X,1.4079,X,X,X,X,X,X,471,100,33454
States,California,2015,38,X,1.34636,X,X,X,X,X,X,463,97,34389
States,California,2015,39,X,1.21246,X,X,X,X,X,X,348,87,28702
States,California,2015,40,X,1.38064,X,X,X,X,X,X,558,125,40416
States,California,2015,41,X,1.5661,X,X,X,X,X,X,653,138,41696
States,California,2015,42,X,1.50411,X,X,X,X,X,X,677,140,45010
States,California,2015,43,X,1.61772,X,X,X,X,X,X,715,151,44198
States,California,2015,44,X,1.73589,X,X,X,X,X,X,800,157,46086
States,California,2015,45,X,1.80813,X,X,X,X,X,X,782,156,43249
States,California,2015,46,X,2.14097,X,X,X,X,X,X,996,157,46521
States,California,2015,47,X,2.39866,X,X,X,X,X,X,687,153,28641
States,California,2015,48,X,2.02273,X,X,X,X,X,X,936,152,46274
States,California,2015,49,X,2.07101,X,X,X,X,X,X,938,152,45292
States,California,2015,50,X,2.17017,X,X,X,X,X,X,856,149,39444
States,California,2015,51,X,2.91333,X,X,X,X,X,X,723,145,24817
States,California,2015,52,X,3.27722,X,X,X,X,X,X,806,139,24594
States,California,2016,1,X,2.5018,X,X,X,X,X,X,1077,153,43049
States,California,2016,2,X,2.47039,X,X,X,X,X,X,1043,143,42220
States,California,2016,3,X,2.68971,X,X,X,X,X,X,1097,138,40785
States,California,2016,4,X,2.83328,X,X,X,X,X,X,1347,148,47542
States,California,2016,5,X,3.28407,X,X,X,X,X,X,1600,152,48720
States,California,2016,6,X,3.91439,X,X,X,X,X,X,1882,146,48079
States,California,2016,7,X,4.39619,X,X,X,X,X,X,1893,139,43060
States,California,2016,8,X,3.73143,X,X,X,X,X,X,1859,147,49820
States,California,2016,9,X,3.63724,X,X,X,X,X,X,1804,148,49598
States,California,2016,10,X,3.69442,X,X,X,X,X,X,1636,129,44283
States,California,2016,11,X,3.19283,X,X,X,X,X,X,1293,125,40497
States,California,2016,12,X,2.99262,X,X,X,X,X,X,1201,139,40132
States,California,2016,13,X,2.80927,X,X,X,X,X,X,1053,131,37483
States,California,2016,14,X,2.11652,X,X,X,X,X,X,938,139,44318
States,California,2016,15,X,1.92403,X,X,X,X,X,X,855,133,44438
States,California,2016,16,X,1.62852,X,X,X,X,X,X,710,128,43598
States,California,2016,17,X,1.73597,X,X,X,X,X,X,711,123,40957
States,California,2016,18,X,1.84902,X,X,X,X,X,X,726,115,39264
States,California,2016,19,X,1.53059,X,X,X,X,X,X,586,109,38286
States,California,2016,20,X,1.48681,X,X,X,X,X,X,527,102,35445
States,California,2016,21,X,1.44399,X,X,X,X,X,X,515,99,35665
States,California,2016,22,X,1.37865,X,X,X,X,X,X,417,105,30247
States,California,2016,23,X,1.36671,X,X,X,X,X,X,440,97,32194
States,California,2016,24,X,1.2644,X,X,X,X,X,X,395,102,31240
States,California,2016,25,X,1.15867,X,X,X,X,X,X,376,100,32451
States,California,2016,26,X,1.21986,X,X,X,X,X,X,381,96,31233
States,California,2016,27,X,1.14608,X,X,X,X,X,X,299,97,26089
States,California,2016,28,X,1.04573,X,X,X,X,X,X,324,98,30983
States,California,2016,29,X,0.904141,X,X,X,X,X,X,269,96,29752
States,California,2016,30,X,0.856349,X,X,X,X,X,X,262,96,30595
States,California,2016,31,X,0.85127,X,X,X,X,X,X,246,82,28898
States,California,2016,32,X,0.896093,X,X,X,X,X,X,267,83,29796
States,California,2016,33,X,1.00994,X,X,X,X,X,X,310,83,30695
States,California,2016,34,X,1.04709,X,X,X,X,X,X,342,81,32662
States,California,2016,35,X,1.30993,X,X,X,X,X,X,447,82,34124
States,California,2016,36,X,1.36273,X,X,X,X,X,X,398,81,29206
States,California,2016,37,X,1.71708,X,X,X,X,X,X,604,86,35176
States,California,2016,38,X,1.78398,X,X,X,X,X,X,624,88,34978
States,California,2016,39,X,1.65703,X,X,X,X,X,X,636,95,38382
States,California,2016,40,X,1.25288,X,X,X,X,X,X,668,129,53317
States,California,2016,41,X,1.39291,X,X,X,X,X,X,760,134,54562
States,California,2016,42,X,1.51631,X,X,X,X,X,X,812,131,53551
States,California,2016,43,X,1.52383,X,X,X,X,X,X,833,130,54665
States,California,2016,44,X,1.57619,X,X,X,X,X,X,849,132,53864
States,California,2016,45,X,1.74694,X,X,X,X,X,X,942,136,53923
States,California,2016,46,X,1.7768,X,X,X,X,X,X,993,133,55887
States,California,2016,47,X,2.14459,X,X,X,X,X,X,865,133,40334
States,California,2016,48,X,2.00773,X,X,X,X,X,X,1091,132,54340
States,California,2016,49,X,2.07484,X,X,X,X,X,X,1114,133,53691
States,California,2016,50,X,2.37525,X,X,X,X,X,X,1190,124,50100
States,California,2016,51,X,2.87829,X,X,X,X,X,X,1233,122,42838
States,California,2016,52,X,3.52608,X,X,X,X,X,X,1419,128,40243
States,California,2017,1,X,3.2667,X,X,X,X,X,X,1559,133,47724
States,California,2017,2,X,2.9995,X,X,X,X,X,X,1490,129,49675
States,California,2017,3,X,2.77799,X,X,X,X,X,X,1441,129,51872
States,California,2017,4,X,3.11572,X,X,X,X,X,X,1700,129,54562
States,California,2017,5,X,3.19202,X,X,X,X,X,X,1667,121,52224
States,California,2017,6,X,2.69419,X,X,X,X,X,X,1395,118,51778
States,California,2017,7,X,2.52341,X,X,X,X,X,X,1245,113,49338
States,California,2017,8,X,2.38854,X,X,X,X,X,X,1080,107,45216
States,California,2017,9,X,2.14593,X,X,X,X,X,X,1082,112,50421
States,California,2017,10,X,2.17089,X,X,X,X,X,X,1091,111,50256
States,California,2017,11,X,2.33598,X,X,X,X,X,X,1155,112,49444
States,California,2017,12,X,1.95979,X,X,X,X,X,X,925,104,47199
States,California,2017,13,X,1.96521,X,X,X,X,X,X,845,102,42998
States,California,2017,14,X,1.73982,X,X,X,X,X,X,809,104,46499
States,California,2017,15,X,1.59589,X,X,X,X,X,X,746,103,46745
States,California,2017,16,X,1.62994,X,X,X,X,X,X,776,103,47609
States,California,2017,17,X,1.6618,X,X,X,X,X,X,797,103,47960
States,California,2017,18,X,1.46371,X,X,X,X,X,X,660,92,45091
States,California,2017,19,X,1.43326,X,X,X,X,X,X,629,95,43886
States,California,2017,20,X,1.4245,X,X,X,X,X,X,640,96,44928
States,California,2017,21,X,1.39117,X,X,X,X,X,X,551,85,39607
States,California,2017,22,X,1.39993,X,X,X,X,X,X,449,75,32073
States,California,2017,23,X,1.6159,X,X,X,X,X,X,608,81,37626
States,California,2017,24,X,1.2838,X,X,X,X,X,X,470,75,36610
States,California,2017,25,X,1.25237,X,X,X,X,X,X,463,77,36970
States,California,2017,26,X,1.39657,X,X,X,X,X,X,470,75,33654
States,California,2017,27,X,1.31237,X,X,X,X,X,X,369,74,28117
States,California,2017,28,X,1.12425,X,X,X,X,X,X,366,73,32555
States,California,2017,29,X,1.09387,X,X,X,X,X,X,397,72,36293
States,California,2017,30,X,0.979101,X,X,X,X,X,X,342,67,34930
States,California,2017,31,X,0.853916,X,X,X,X,X,X,307,69,35952
States,California,2017,32,X,0.936918,X,X,X,X,X,X,337,70,35969
States,California,2017,33,X,1.01272,X,X,X,X,X,X,340,68,33573
States,California,2017,34,X,1.13787,X,X,X,X,X,X,439,70,38581
States,California,2017,35,X,1.19891,X,X,X,X,X,X,506,72,42205
States,California,2017,36,X,1.28088,X,X,X,X,X,X,490,74,38255
States,California,2017,37,X,1.547,X,X,X,X,X,X,652,78,42146
States,California,2017,38,X,1.52105,X,X,X,X,X,X,621,71,40827
States,California,2017,39,X,1.55626,X,X,X,X,X,X,659,72,42345
States,California,2017,40,X,1.75421,X,X,X,X,X,X,852,102,48569
States,California,2017,41,X,1.53534,X,X,X,X,X,X,733,106,47742
States,California,2017,42,X,1.61872,X,X,X,X,X,X,821,116,50719
States,California,2017,43,X,1.72325,X,X,X,X,X,X,906,118,52575
States,California,2017,44,X,1.98355,X,X,X,X,X,X,948,120,47793
States,California,2017,45,X,1.90851,X,X,X,X,X,X,950,124,49777
States,California,2017,46,X,1.99801,X,X,X,X,X,X,1024,126,51251
States,California,2017,47,X,2.2189,X,X,X,X,X,X,817,120,36820
States,California,2017,48,X,1.94918,X,X,X,X,X,X,988,124,50688
States,California,2017,49,X,2.49813,X,X,X,X,X,X,1236,128,49477
States,California,2017,50,X,3.39179,X,X,X,X,X,X,1671,122,49266
States,California,2017,51,X,4.58891,X,X,X,X,X,X,2069,117,45087
States,California,2017,52,X,6.84245,X,X,X,X,X,X,2512,118,36712
States,California,2018,1,X,6.66513,X,X,X,X,X,X,2310,118,34658
States,California,2018,2,X,4.69123,X,X,X,X,X,X,2361,123,50328
States,California,2018,3,X,3.93592,X,X,X,X,X,X,1963,124,49874
States,California,2018,4,X,3.89779,X,X,X,X,X,X,2038,122,52286
States,California,2018,5,X,4.25872,X,X,X,X,X,X,2369,121,55627
States,California,2018,6,X,3.81901,X,X,X,X,X,X,2116,121,55407
States,California,2018,7,X,3.71403,X,X,X,X,X,X,1879,112,50592
States,California,2018,8,X,3.51102,X,X,X,X,X,X,1619,119,46112
States,California,2018,9,X,3.6414,X,X,X,X,X,X,1866,119,51244
States,California,2018,10,X,3.51605,X,X,X,X,X,X,1780,117,50625
States,California,2018,11,X,3.3281,X,X,X,X,X,X,1631,113,49007
States,California,2018,12,X,3.04677,X,X,X,X,X,X,1435,106,47099
States,California,2018,13,X,2.76154,X,X,X,X,X,X,1167,112,42259
States,California,2018,14,X,2.30591,X,X,X,X,X,X,1082,108,46923
States,California,2018,15,X,1.81038,X,X,X,X,X,X,903,111,49879
States,California,2018,16,X,1.83904,X,X,X,X,X,X,888,109,48286
States,California,2018,17,X,1.90959,X,X,X,X,X,X,934,110,48911
States,California,2018,18,X,1.859,X,X,X,X,X,X,876,104,47122
States,California,2018,19,X,1.7816,X,X,X,X,X,X,828,100,46475
States,California,2018,20,X,1.59208,X,X,X,X,X,X,708,101,44470
States,California,2018,21,X,1.69035,X,X,X,X,X,X,690,91,40820
States,California,2018,22,X,1.5359,X,X,X,X,X,X,581,91,37828
States,California,2018,23,X,1.34495,X,X,X,X,X,X,571,91,42455
States,California,2018,24,X,1.33835,X,X,X,X,X,X,548,90,40946
States,California,2018,25,X,1.64565,X,X,X,X,X,X,526,81,31963
States,California,2018,26,X,1.53626,X,X,X,X,X,X,493,84,32091
States,California,2018,27,X,1.09491,X,X,X,X,X,X,380,89,34706
States,California,2018,28,X,0.98471,X,X,X,X,X,X,398,92,40418
States,California,2018,29,X,0.933866,X,X,X,X,X,X,379,93,40584
States,California,2018,30,X,0.946458,X,X,X,X,X,X,382,90,40361
States,California,2018,31,X,0.944158,X,X,X,X,X,X,374,81,39612
States,California,2018,32,X,0.954801,X,X,X,X,X,X,387,87,40532
States,California,2018,33,X,0.947351,X,X,X,X,X,X,391,84,41273
States,California,2018,34,X,0.85034,X,X,X,X,X,X,335,72,39396
States,California,2018,35,X,1.04722,X,X,X,X,X,X,434,74,41443
States,California,2018,36,X,1.35018,X,X,X,X,X,X,515,71,38143
States,California,2018,37,X,1.53784,X,X,X,X,X,X,645,78,41942
States,California,2018,38,X,1.36726,X,X,X,X,X,X,555,78,40592
States,California,2018,39,X,1.30344,X,X,X,X,X,X,546,79,41889
States,California,2018,40,X,1.48324,X,X,X,X,X,X,698,104,47059
States,California,2018,41,X,1.27218,X,X,X,X,X,X,598,105,47006
States,California,2018,42,X,1.42798,X,X,X,X,X,X,691,103,48390
States,California,2018,43,X,1.62584,X,X,X,X,X,X,752,101,46253
States,California,2018,44,X,1.76401,X,X,X,X,X,X,875,113,49603
States,California,2018,45,X,1.86635,X,X,X,X,X,X,944,118,50580
States,California,2018,46,X,2.07476,X,X,X,X,X,X,943,115,45451
States,California,2018,47,X,2.07785,X,X,X,X,X,X,719,115,34603
States,California,2018,48,X,2.35193,X,X,X,X,X,X,1177,114,50044
States,California,2018,49,X,2.55125,X,X,X,X,X,X,1206,113,47271
States,California,2018,50,X,2.90103,X,X,X,X,X,X,1356,115,46742
States,California,2018,51,X,3.15841,X,X,X,X,X,X,1288,107,40780
States,California,2018,52,X,3.35655,X,X,X,X,X,X,935,105,27856
States,California,2019,1,X,3.3413,X,X,X,X,X,X,1021,113,30557
States,California,2019,2,X,3.14047,X,X,X,X,X,X,1415,115,45057
States,California,2019,3,X,2.87537,X,X,X,X,X,X,1325,117,46081
States,California,2019,4,X,2.74367,X,X,X,X,X,X,1267,118,46179
States,California,2019,5,X,3.25349,X,X,X,X,X,X,1657,120,50930
States,California,2019,6,X,3.26858,X,X,X,X,X,X,1617,119,49471
States,California,2019,7,X,3.77301,X,X,X,X,X,X,1726,113,45746
States,California,2019,8,X,3.40884,X,X,X,X,X,X,1562,118,45822
States,California,2019,9,X,3.59746,X,X,X,X,X,X,1856,117,51592
States,California,2019,10,X,3.52475,X,X,X,X,X,X,1804,116,51181
States,California,2019,11,X,3.36917,X,X,X,X,X,X,1708,114,50695
States,California,2019,12,X,3.48291,X,X,X,X,X,X,1699,117,48781
States,California,2019,13,X,2.96381,X,X,X,X,X,X,1371,116,46258
States,California,2019,14,X,2.9268,X,X,X,X,X,X,1329,114,45408
States,California,2019,15,X,2.40137,X,X,X,X,X,X,1165,112,48514
States,California,2019,16,X,2.27985,X,X,X,X,X,X,1084,102,47547
States,California,2019,17,X,2.02365,X,X,X,X,X,X,972,112,48032
States,California,2019,18,X,1.62147,X,X,X,X,X,X,702,92,43294
States,California,2019,19,X,1.8175,X,X,X,X,X,X,771,88,42421
States,California,2019,20,X,1.63414,X,X,X,X,X,X,674,88,41245
States,California,2019,21,X,1.54355,X,X,X,X,X,X,616,79,39908
States,California,2019,22,X,1.68956,X,X,X,X,X,X,620,80,36696
States,California,2019,23,X,1.53268,X,X,X,X,X,X,579,76,37777
States,California,2019,24,X,1.44924,X,X,X,X,X,X,570,73,39331
States,California,2019,25,X,1.24964,X,X,X,X,X,X,474,76,37931
States,California,2019,26,X,1.22439,X,X,X,X,X,X,465,74,37978
States,California,2019,27,X,1.00449,X,X,X,X,X,X,329,76,32753
States,California,2019,28,X,0.899837,X,X,X,X,X,X,343,76,38118
States,California,2019,29,X,0.911741,X,X,X,X,X,X,344,76,37730
States,California,2019,30,X,0.898999,X,X,X,X,X,X,345,74,38376
States,California,2019,31,X,0.834614,X,X,X,X,X,X,315,75,37742
States,California,2019,32,X,0.99623,X,X,X,X,X,X,370,71,37140
States,California,2019,33,X,0.816787,X,X,X,X,X,X,311,70,38076
States,California,2019,34,X,0.785307,X,X,X,X,X,X,310,72,39475
States,California,2019,35,X,1.00916,X,X,X,X,X,X,413,70,40925
States,California,2019,36,X,1.01946,X,X,X,X,X,X,385,73,37765
States,California,2019,37,X,1.11862,X,X,X,X,X,X,480,78,42910
States,California,2019,38,X,1.14106,X,X,X,X,X,X,480,78,42066
States,California,2019,39,X,1.13509,X,X,X,X,X,X,485,78,42728
States,California,2019,40,X,1.36062,X,X,X,X,X,X,770,119,56592
States,California,2019,41,X,1.51557,X,X,X,X,X,X,830,115,54765
States,California,2019,42,X,1.63204,X,X,X,X,X,X,898,119,55023
States,California,2019,43,X,1.73687,X,X,X,X,X,X,988,117,56884
States,California,2019,44,X,1.86748,X,X,X,X,X,X,1016,120,54405
States,California,2019,45,X,2.19393,X,X,X,X,X,X,1258,124,57340
States,California,2019,46,X,2.44212,X,X,X,X,X,X,1481,125,60644
States,California,2019,47,X,2.39551,X,X,X,X,X,X,1536,122,64120
States,California,2019,48,X,2.74306,X,X,X,X,X,X,1205,122,43929
States,California,2019,49,X,2.75482,X,X,X,X,X,X,1693,124,61456
States,California,2019,50,X,2.76788,X,X,X,X,X,X,1678,122,60624
States,California,2019,51,X,3.2334,X,X,X,X,X,X,1854,124,57339
States,California,2019,52,X,4.69895,X,X,X,X,X,X,2040,124,43414
States,California,2020,1,X,4.86718,X,X,X,X,X,X,2217,126,45550
States,California,2020,2,X,4.15263,X,X,X,X,X,X,2601,126,62635
States,California,2020,3,X,4.3026,X,X,X,X,X,X,2738,123,63636
States,California,2020,4,X,4.80273,X,X,X,X,X,X,3087,126,64276
States,California,2020,5,X,4.98209,X,X,X,X,X,X,3365,127,67542
States,California,2020,6,X,5.05518,X,X,X,X,X,X,3394,123,67139
States,California,2020,7,X,4.80201,X,X,X,X,X,X,2885,125,60079
States,California,2020,8,X,4.5141,X,X,X,X,X,X,2762,128,61186
States,California,2020,9,X,4.22932,X,X,X,X,X,X,2765,123,65377
States,California,2020,10,X,3.99147,X,X,X,X,X,X,2395,109,60003
States,California,2020,11,X,4.27011,X,X,X,X,X,X,2322,104,54378
States,California,2020,12,X,4.92236,X,X,X,X,X,X,1474,100,29945
States,California,2020,13,X,3.62004,X,X,X,X,X,X,1101,99,30414
States,California,2020,14,X,2.59626,X,X,X,X,X,X,739,95,28464
States,California,2020,15,X,2.07578,X,X,X,X,X,X,567,95,27315
States,California,2020,16,X,1.55867,X,X,X,X,X,X,452,97,28999
States,California,2020,17,X,1.28651,X,X,X,X,X,X,388,95,30159
States,California,2020,18,X,1.25852,X,X,X,X,X,X,406,96,32260
States,California,2020,19,X,1.11124,X,X,X,X,X,X,394,96,35456
States,California,2020,20,X,1.13358,X,X,X,X,X,X,379,95,33434
States,California,2020,21,X,1.06059,X,X,X,X,X,X,387,93,36489
States,California,2020,22,X,1.03612,X,X,X,X,X,X,364,91,35131
States,California,2020,23,X,0.841184,X,X,X,X,X,X,325,94,38636
States,California,2020,24,X,0.86893,X,X,X,X,X,X,345,90,39704
States,California,2020,25,X,0.990463,X,X,X,X,X,X,404,84,40789
States,California,2020,26,X,1.32841,X,X,X,X,X,X,550,86,41403
States,California,2020,27,X,1.53377,X,X,X,X,X,X,604,84,39380
States,California,2020,28,X,1.62184,X,X,X,X,X,X,691,85,42606
States,California,2020,29,X,1.55256,X,X,X,X,X,X,649,85,41802
States,California,2020,30,X,1.38562,X,X,X,X,X,X,731,100,52756
States,California,2020,31,X,1.41639,X,X,X,X,X,X,724,99,51116
States,California,2020,32,X,1.18256,X,X,X,X,X,X,603,100,50991
States,California,2020,33,X,1.00019,X,X,X,X,X,X,528,96,52790
States,California,2020,34,X,0.798982,X,X,X,X,X,X,427,98,53443
States,California,2020,35,X,0.810917,X,X,X,X,X,X,435,99,53643
States,California,2020,36,X,0.799791,X,X,X,X,X,X,429,99,53639
States,California,2020,37,X,0.846416,X,X,X,X,X,X,427,95,50448
States,California,2020,38,X,0.784046,X,X,X,X,X,X,436,105,55609
States,California,2020,39,X,0.896579,X,X,X,X,X,X,471,93,52533
States,California,2020,40,X,0.849375,X,X,X,X,X,X,488,110,57454
States,California,2020,41,X,1.04313,X,X,X,X,X,X,676,119,64805
States,California,2020,42,X,0.992639,X,X,X,X,X,X,650,122,65482
States,California,2020,43,X,0.995457,X,X,X,X,X,X,642,120,64493
States,California,2020,44,X,1.15562,X,X,X,X,X,X,729,118,63083
States,California,2020,45,X,1.2992,X,X,X,X,X,X,853,118,65656
States,California,2020,46,X,1.42337,X,X,X,X,X,X,871,118,61193
States,California,2020,47,X,1.577,X,X,X,X,X,X,1084,118,68738
States,California,2020,48,X,1.95649,X,X,X,X,X,X,1125,115,57501
States,California,2020,49,X,1.74149,X,X,X,X,X,X,1237,115,71031
States,California,2020,50,X,1.96875,X,X,X,X,X,X,1337,114,67911
States,California,2020,51,X,1.99653,X,X,X,X,X,X,1267,114,63460
States,California,2020,52,X,2.18971,X,X,X,X,X,X,1070,111,48865
States,California,2020,53,X,2.04121,X,X,X,X,X,X,1070,113,52420
States,California,2021,1,X,1.83407,X,X,X,X,X,X,1131,118,61666
States,California,2021,2,X,1.5608,X,X,X,X,X,X,975,117,62468
States,California,2021,3,X,1.27109,X,X,X,X,X,X,760,117,59791
States,California,2021,4,X,1.13856,X,X,X,X,X,X,665,117,58407
States,California,2021,5,X,1.05363,X,X,X,X,X,X,646,117,61312
States,California,2021,6,X,0.896876,X,X,X,X,X,X,536,117,59763
States,California,2021,7,X,0.80568,X,X,X,X,X,X,455,116,56474
States,California,2021,8,X,0.843978,X,X,X,X,X,X,516,113,61139
States,California,2021,9,X,0.820181,X,X,X,X,X,X,502,114,61206
States,California,2021,10,X,0.75457,X,X,X,X,X,X,466,114,61757
States,California,2021,11,X,0.739377,X,X,X,X,X,X,462,114,62485
States,California,2021,12,X,0.810404,X,X,X,X,X,X,501,115,61821
States,California,2021,13,X,0.780964,X,X,X,X,X,X,491,115,62871
States,California,2021,14,X,0.78613,X,X,X,X,X,X,516,116,65638
States,California,2021,15,X,0.898389,X,X,X,X,X,X,625,116,69569
States,California,2021,16,X,0.840497,X,X,X,X,X,X,572,113,68055
States,California,2021,17,X,0.933159,X,X,X,X,X,X,614,111,65798
States,California,2021,18,X,0.999044,X,X,X,X,X,X,627,105,62760
States,California,2021,19,X,1.10909,X,X,X,X,X,X,709,108,63926
States,California,2021,20,X,1.10484,X,X,X,X,X,X,670,102,60642
States,California,2021,21,X,1.143,X,X,X,X,X,X,708,101,61942
States,California,2021,22,X,1.04082,X,X,X,X,X,X,618,106,59376
States,California,2021,23,X,1.10162,X,X,X,X,X,X,717,105,65086
States,California,2021,24,X,1.07722,X,X,X,X,X,X,705,103,65446
States,California,2021,25,X,1.1542,X,X,X,X,X,X,773,106,66973
States,California,2021,26,X,1.26081,X,X,X,X,X,X,805,101,63848
States,California,2021,27,X,1.30785,X,X,X,X,X,X,841,102,64304
States,California,2021,28,X,1.62858,X,X,X,X,X,X,1096,102,67298
States,California,2021,29,X,1.67886,X,X,X,X,X,X,1157,100,68916
States,California,2021,30,X,1.87683,X,X,X,X,X,X,1305,102,69532
States,California,2021,31,X,2.09526,X,X,X,X,X,X,1457,102,69538
States,California,2021,32,X,2.13527,X,X,X,X,X,X,1492,100,69874
States,California,2021,33,X,2.35846,X,X,X,X,X,X,1620,100,68689
States,California,2021,34,X,2.3347,X,X,X,X,X,X,1632,102,69902
States,California,2021,35,X,2.72293,X,X,X,X,X,X,1881,101,69080
States,California,2021,36,X,2.38747,X,X,X,X,X,X,1543,97,64629
States,California,2021,37,X,2.02745,X,X,X,X,X,X,1343,99,66241
States,California,2021,38,X,1.89354,X,X,X,X,X,X,1254,98,66225
States,California,2021,39,X,1.63206,X,X,X,X,X,X,1175,105,71995
States,California,2021,40,X,1.65106,X,X,X,X,X,X,1971,158,119378
States,California,2021,41,X,1.59992,X,X,X,X,X,X,1828,158,114256
States,California,2021,42,X,1.70283,X,X,X,X,X,X,2023,160,118802
States,California,2021,43,X,1.70732,X,X,X,X,X,X,2044,160,119720
States,California,2021,44,X,1.67203,X,X,X,X,X,X,2006,157,119974
States,California,2021,45,X,1.8398,X,X,X,X,X,X,2157,157,117241
States,California,2021,46,X,1.72431,X,X,X,X,X,X,2118,163,122832
States,California,2021,47,X,2.00482,X,X,X,X,X,X,2073,160,103401
States,California,2021,48,X,1.90704,X,X,X,X,X,X,2358,158,123647
States,California,2021,49,X,1.98793,X,X,X,X,X,X,2345,157,117962
States,California,2021,50,X,2.07135,X,X,X,X,X,X,2366,160,114225
States,California,2021,51,X,3.02313,X,X,X,X,X,X,3243,161,107273
States,California,2021,52,X,4.33867,X,X,X,X,X,X,5210,160,120083
States,California,2022,1,X,4.28269,X,X,X,X,X,X,5700,160,133094
States,California,2022,2,X,3.40318,X,X,X,X,X,X,4320,158,126940
States,California,2022,3,X,2.30607,X,X,X,X,X,X,2584,159,112052
States,California,2022,4,X,1.71391,X,X,X,X,X,X,1958,158,114242
States,California,2022,5,X,1.37029,X,X,X,X,X,X,1503,159,109685
States,California,2022,6,X,1.13434,X,X,X,X,X,X,1292,156,113899
States,California,2022,7,X,0.995538,X,X,X,X,X,X,1109,153,111397
States,California,2022,8,X,0.9576,X,X,X,X,X,X,1038,155,108396
States,California,2022,9,X,1.07287,X,X,X,X,X,X,1260,158,117442
States,California,2022,10,X,1.09241,X,X,X,X,X,X,1291,158,118179
States,California,2022,11,X,1.14065,X,X,X,X,X,X,1383,154,121247
States,California,2022,12,X,1.28732,X,X,X,X,X,X,1559,159,121104
States,California,2022,13,X,1.28779,X,X,X,X,X,X,1556,159,120827
States,California,2022,14,X,1.33353,X,X,X,X,X,X,1614,154,121032
States,California,2022,15,X,1.42706,X,X,X,X,X,X,1704,156,119406
States,California,2022,16,X,1.59983,X,X,X,X,X,X,1921,157,120075
States,California,2022,17,X,1.74749,X,X,X,X,X,X,2210,154,126467
States,California,2022,18,X,1.98102,X,X,X,X,X,X,2419,146,122109
States,California,2022,19,X,2.1401,X,X,X,X,X,X,2603,144,121630
States,California,2022,20,X,2.41753,X,X,X,X,X,X,3040,143,125748
States,California,2022,21,X,2.41103,X,X,X,X,X,X,3017,148,125133
States,California,2022,22,X,2.57686,X,X,X,X,X,X,3067,148,119021
States,California,2022,23,X,2.29064,X,X,X,X,X,X,2688,139,117347
States,California,2022,24,X,2.12019,X,X,X,X,X,X,2451,143,115603
States,California,2022,25,X,2.02374,X,X,X,X,X,X,2399,146,118543
States,California,2022,26,X,1.86714,X,X,X,X,X,X,2244,147,120184
States,California,2022,27,X,1.90386,X,X,X,X,X,X,2202,146,115660
States,California,2022,28,X,1.79231,X,X,X,X,X,X,2136,144,119176
States,California,2022,29,X,1.6696,X,X,X,X,X,X,1993,146,119370
States,California,2022,30,X,1.59307,X,X,X,X,X,X,1828,145,114747
States,California,2022,31,X,1.40839,X,X,X,X,X,X,1619,145,114954
States,California,2022,32,X,1.33549,X,X,X,X,X,X,1534,143,114864
States,California,2022,33,X,1.37727,X,X,X,X,X,X,1623,143,117842
States,California,2022,34,X,1.62306,X,X,X,X,X,X,1949,140,120082
States,California,2022,35,X,1.83675,X,X,X,X,X,X,2218,140,120757
States,California,2022,36,X,1.79679,X,X,X,X,X,X,2152,137,119769
States,California,2022,37,X,1.73253,X,X,X,X,X,X,2147,144,123923
States,California,2022,38,X,1.88569,X,X,X,X,X,X,2333,144,123721
States,California,2022,39,X,1.97883,X,X,X,X,X,X,2443,148,123457
States,California,2022,40,X,2.44759,X,X,X,X,X,X,7136,225,291552
States,California,2022,41,X,2.69767,X,X,X,X,X,X,7892,226,292549
States,California,2022,42,X,3.02693,X,X,X,X,X,X,8955,223,295844
States,California,2022,43,X,3.73647,X,X,X,X,X,X,11136,223,298035
States,California,2022,44,X,4.50526,X,X,X,X,X,X,13396,225,297341
States,California,2022,45,X,5.45335,X,X,X,X,X,X,16348,226,299779
States,California,2022,46,X,6.47208,X,X,X,X,X,X,20087,223,310364
States,California,2022,47,X,8.85566,X,X,X,X,X,X,22774,223,257169
States,California,2022,48,X,8.20078,X,X,X,X,X,X,26030,221,317409
States,California,2022,49,X,7.18702,X,X,X,X,X,X,21518,223,299401
States,California,2022,50,X,6.43924,X,X,X,X,X,X,18479,220,286975
States,California,2022,51,X,6.48097,X,X,X,X,X,X,17211,209,265562
States,California,2022,52,X,6.47401,X,X,X,X,X,X,15272,218,235897
States,California,2023,1,X,5.36975,X,X,X,X,X,X,13217,220,246138
States,California,2023,2,X,3.86336,X,X,X,X,X,X,10907,220,282319
States,California,2023,3,X,3.29358,X,X,X,X,X,X,8614,220,261539
States,California,2023,4,X,3.20698,X,X,X,X,X,X,9287,218,289587
States,California,2023,5,X,3.42504,X,X,X,X,X,X,10071,221,294040
States,California,2023,6,X,3.55255,X,X,X,X,X,X,10583,220,297899
States,California,2023,7,X,3.62101,X,X,X,X,X,X,10451,214,288621
States,California,2023,8,X,3.88868,X,X,X,X,X,X,10049,222,258417
States,California,2023,9,X,3.53505,X,X,X,X,X,X,10152,211,287181
States,California,2023,10,X,3.42857,X,X,X,X,X,X,9846,210,287175
States,California,2023,11,X,3.29907,X,X,X,X,X,X,9390,205,284626
States,California,2023,12,X,3.28989,X,X,X,X,X,X,9337,208,283809
States,California,2023,13,X,3.35144,X,X,X,X,X,X,9267,208,276508
States,California,2023,14,X,3.18623,X,X,X,X,X,X,8525,207,267558
States,California,2023,15,X,3.02217,X,X,X,X,X,X,8204,206,271461
States,California,2023,16,X,2.86897,X,X,X,X,X,X,7882,207,274733
States,California,2023,17,X,2.66504,X,X,X,X,X,X,7566,208,283898
States,California,2023,18,X,2.8112,X,X,X,X,X,X,7901,205,281054
States,California,2023,19,X,2.87044,X,X,X,X,X,X,8167,202,284521
States,California,2023,20,X,2.82237,X,X,X,X,X,X,8073,203,286036
States,California,2023,21,X,2.89984,X,X,X,X,X,X,8133,198,280464
States,California,2023,22,X,3.0799,X,X,X,X,X,X,7630,199,247735
States,California,2023,23,X,2.84894,X,X,X,X,X,X,7683,196,269679
States,California,2023,24,X,2.68056,X,X,X,X,X,X,7081,198,264161
States,California,2023,25,X,2.50331,X,X,X,X,X,X,6583,201,262972
States,California,2023,26,X,2.3684,X,X,X,X,X,X,6211,198,262245
States,California,2023,27,X,2.3328,X,X,X,X,X,X,5465,198,234268
States,California,2023,28,X,1.9623,X,X,X,X,X,X,5019,195,255771
States,California,2023,29,X,1.84611,X,X,X,X,X,X,4747,195,257135
States,California,2023,30,X,1.79308,X,X,X,X,X,X,4587,195,255817
States,California,2023,31,X,1.80349,X,X,X,X,X,X,4546,195,252067
States,California,2023,32,X,1.88335,X,X,X,X,X,X,4800,196,254865
States,California,2023,33,X,1.91037,X,X,X,X,X,X,4994,195,261416
States,California,2023,34,X,2.07233,X,X,X,X,X,X,5491,193,264968
States,California,2023,35,X,2.30863,X,X,X,X,X,X,6347,196,274925
States,California,2023,36,X,2.48965,X,X,X,X,X,X,6181,196,248268
States,California,2023,37,X,2.38665,X,X,X,X,X,X,6521,198,273228
States,California,2023,38,X,2.44069,X,X,X,X,X,X,6499,197,266277
States,California,2023,39,X,2.48396,X,X,X,X,X,X,6530,196,262887
States,California,2023,40,X,2.8034,X,X,X,X,X,X,6790,204,242206
States,California,2023,41,X,2.68133,X,X,X,X,X,X,7433,211,277213
States,California,2023,42,X,3.2034,X,X,X,X,X,X,8892,209,277580
States,California,2023,43,X,3.35172,X,X,X,X,X,X,9268,210,276515
States,California,2023,44,X,3.86125,X,X,X,X,X,X,10565,209,273616
States,California,2023,45,X,4.23124,X,X,X,X,X,X,11836,209,279729
States,California,2023,46,X,4.64287,X,X,X,X,X,X,12955,208,279030
States,California,2023,47,X,5.2259,X,X,X,X,X,X,11803,209,225856
States,California,2023,48,X,5.54673,X,X,X,X,X,X,15889,206,286457
States,California,2023,49,X,5.80024,X,X,X,X,X,X,16517,205,284764
States,California,2023,50,X,6.33354,X,X,X,X,X,X,18134,205,286317
States,California,2023,51,X,7.3235,X,X,X,X,X,X,20746,204,283280
States,California,2023,52,X,7.78055,X,X,X,X,X,X,18293,204,235112
States,California,2024,1,X,6.95138,X,X,X,X,X,X,17177,207,247102
States,California,2024,2,X,5.48837,X,X,X,X,X,X,16039,210,292236
States,California,2024,3,X,5.06015,X,X,X,X,X,X,13602,209,268806
States,California,2024,4,X,4.37166,X,X,X,X,X,X,12802,211,292841
States,California,2024,5,X,4.24977,X,X,X,X,X,X,12277,210,288886
States,California,2024,6,X,4.05453,X,X,X,X,X,X,11304,210,278799
States,California,2024,7,X,4.28022,X,X,X,X,X,X,11979,208,279869
States,California,2024,8,X,4.46952,X,X,X,X,X,X,11470,209,256627
States,California,2024,9,X,4.12291,X,X,X,X,X,X,11891,208,288413
States,California,2024,10,X,3.95305,X,X,X,X,X,X,11258,209,284793
States,California,2024,11,X,3.95991,X,X,X,X,X,X,11360,209,286875
States,California,2024,12,X,3.90177,X,X,X,X,X,X,11313,208,289945
States,California,2024,13,X,3.76346,X,X,X,X,X,X,10399,208,276315
States,California,2024,14,X,3.77734,X,X,X,X,X,X,10041,206,265822
States,California,2024,15,X,3.6163,X,X,X,X,X,X,10060,206,278185
States,California,2024,16,X,3.26947,X,X,X,X,X,X,9040,197,276497
States,California,2024,17,X,3.39008,X,X,X,X,X,X,9668,200,285185
States,California,2024,18,X,3.2853,X,X,X,X,X,X,9439,200,287310
States,California,2024,19,X,3.27604,X,X,X,X,X,X,9478,200,289313
States,California,2024,20,X,3.31514,X,X,X,X,X,X,9604,196,289701
States,California,2024,21,X,3.2727,X,X,X,X,X,X,9334,191,285208
States,California,2024,22,X,3.41577,X,X,X,X,X,X,8757,190,256370
States,California,2024,23,X,2.98646,X,X,X,X,X,X,8329,187,278892
States,California,2024,24,X,2.79366,X,X,X,X,X,X,7588,188,271615
States,California,2024,25,X,2.66718,X,X,X,X,X,X,7201,187,269986
States,California,2024,26,X,2.4866,X,X,X,X,X,X,6803,190,273586
States,California,2024,27,X,2.42956,X,X,X,X,X,X,5890,189,242431
States,California,2024,28,X,2.1757,X,X,X,X,X,X,6020,189,276693
States,California,2024,29,X,2.07936,X,X,X,X,X,X,5658,188,272103
States,California,2024,30,X,2.03573,X,X,X,X,X,X,5463,186,268356
States,California,2024,31,X,1.99739,X,X,X,X,X,X,5303,186,265496
States,California,2024,32,X,1.95466,X,X,X,X,X,X,5179,187,264957
States,California,2024,33,X,1.88075,X,X,X,X,X,X,5133,186,272923
States,California,2024,34,X,2.0203,X,X,X,X,X,X,5614,186,277880
States,California,2024,35,X,2.15857,X,X,X,X,X,X,6025,188,279120
States,California,2024,36,X,2.29563,X,X,X,X,X,X,5835,189,254179
States,California,2024,37,X,2.16728,X,X,X,X,X,X,6139,189,283258
States,California,2024,38,X,2.0891,X,X,X,X,X,X,5691,184,272414
