PERCENTAGE OF VISITS FOR INFLUENZA-LIKE-ILLNESS REPORTED BY SENTINEL PROVIDERS
REGION TYPE,REGION,YEAR,WEEK,% WEIGHTED ILI,%UNWEIGHTED ILI,AGE 0-4,AGE 25-49,AGE 25-64,AGE 5-24,AGE 50-64,AGE 65,ILITOTAL,NUM. OF PROVIDERS,TOTAL PATIENTS
States,Montana,2010,40,X,0.0371195,X,X,X,X,X,X,1,7,2694
States,Montana,2010,41,X,0.180963,X,X,X,X,X,X,5,7,2763
States,Montana,2010,42,X,0.185874,X,X,X,X,X,X,5,7,2690
States,Montana,2010,43,X,0.0363901,X,X,X,X,X,X,1,7,2748
States,Montana,2010,44,X,0.0405186,X,X,X,X,X,X,1,7,2468
States,Montana,2010,45,X,0.243902,X,X,X,X,X,X,6,6,2460
States,Montana,2010,46,X,0.10993,X,X,X,X,X,X,3,6,2729
States,Montana,2010,47,X,0.537057,X,X,X,X,X,X,10,6,1862
States,Montana,2010,48,X,0.0380518,X,X,X,X,X,X,1,6,2628
States,Montana,2010,49,X,0.0359454,X,X,X,X,X,X,1,6,2782
States,Montana,2010,50,X,0.0772798,X,X,X,X,X,X,2,6,2588
States,Montana,2010,51,X,0.062422,X,X,X,X,X,X,1,6,1602
States,Montana,2010,52,X,0.234926,X,X,X,X,X,X,3,5,1277
States,Montana,2011,1,X,0,X,X,X,X,X,X,0,6,2164
States,Montana,2011,2,X,0.221926,X,X,X,X,X,X,5,6,2253
States,Montana,2011,3,X,0.251004,X,X,X,X,X,X,5,5,1992
States,Montana,2011,4,X,0.207828,X,X,X,X,X,X,6,6,2887
States,Montana,2011,5,X,0.836972,X,X,X,X,X,X,23,6,2748
States,Montana,2011,6,X,0.355114,X,X,X,X,X,X,10,6,2816
States,Montana,2011,7,X,0.701262,X,X,X,X,X,X,20,6,2852
States,Montana,2011,8,X,1.10193,X,X,X,X,X,X,28,6,2541
States,Montana,2011,9,X,1.11654,X,X,X,X,X,X,32,6,2866
States,Montana,2011,10,X,0.801165,X,X,X,X,X,X,22,6,2746
States,Montana,2011,11,X,0.815376,X,X,X,X,X,X,28,6,3434
States,Montana,2011,12,X,0.835189,X,X,X,X,X,X,30,6,3592
States,Montana,2011,13,X,0.4662,X,X,X,X,X,X,14,5,3003
States,Montana,2011,14,X,0.27933,X,X,X,X,X,X,6,5,2148
States,Montana,2011,15,X,0.235018,X,X,X,X,X,X,8,6,3404
States,Montana,2011,16,X,0.0297885,X,X,X,X,X,X,1,6,3357
States,Montana,2011,17,X,0,X,X,X,X,X,X,0,6,3262
States,Montana,2011,18,X,0,X,X,X,X,X,X,0,6,3191
States,Montana,2011,19,X,0,X,X,X,X,X,X,0,6,3023
States,Montana,2011,20,X,0,X,X,X,X,X,X,0,4,1696
States,Montana,2011,21,X,0,X,X,X,X,X,X,0,5,2497
States,Montana,2011,22,X,0,X,X,X,X,X,X,0,5,1779
States,Montana,2011,23,X,0,X,X,X,X,X,X,0,4,1220
States,Montana,2011,24,X,0,X,X,X,X,X,X,0,3,1472
States,Montana,2011,25,X,0,X,X,X,X,X,X,0,4,1198
States,Montana,2011,26,X,0,X,X,X,X,X,X,0,4,1692
States,Montana,2011,27,X,0,X,X,X,X,X,X,0,4,1470
States,Montana,2011,28,X,0,X,X,X,X,X,X,0,4,1649
States,Montana,2011,29,X,0,X,X,X,X,X,X,0,4,1158
States,Montana,2011,30,X,0,X,X,X,X,X,X,0,5,1406
States,Montana,2011,31,X,0,X,X,X,X,X,X,0,5,1241
States,Montana,2011,32,X,0,X,X,X,X,X,X,0,5,1330
States,Montana,2011,33,X,0,X,X,X,X,X,X,0,5,1392
States,Montana,2011,34,X,0,X,X,X,X,X,X,0,5,2168
States,Montana,2011,35,X,0,X,X,X,X,X,X,0,5,1991
States,Montana,2011,36,X,0,X,X,X,X,X,X,0,4,1517
States,Montana,2011,37,X,0,X,X,X,X,X,X,0,5,2049
States,Montana,2011,38,X,0.0530223,X,X,X,X,X,X,1,5,1886
States,Montana,2011,39,X,0,X,X,X,X,X,X,0,4,1668
States,Montana,2011,40,X,0,X,X,X,X,X,X,0,7,2331
States,Montana,2011,41,X,0.0907853,X,X,X,X,X,X,2,7,2203
States,Montana,2011,42,X,0.039604,X,X,X,X,X,X,1,7,2525
States,Montana,2011,43,X,0.15949,X,X,X,X,X,X,4,7,2508
States,Montana,2011,44,X,0.177148,X,X,X,X,X,X,4,7,2258
States,Montana,2011,45,X,0,X,X,X,X,X,X,0,7,2209
States,Montana,2011,46,X,0.120289,X,X,X,X,X,X,3,7,2494
States,Montana,2011,47,X,0.45425,X,X,X,X,X,X,7,7,1541
States,Montana,2011,48,X,0.294985,X,X,X,X,X,X,7,7,2373
States,Montana,2011,49,X,0.174749,X,X,X,X,X,X,4,7,2289
States,Montana,2011,50,X,0.129814,X,X,X,X,X,X,3,7,2311
States,Montana,2011,51,X,0.19305,X,X,X,X,X,X,3,7,1554
States,Montana,2011,52,X,0.165837,X,X,X,X,X,X,2,7,1206
States,Montana,2012,1,X,0.120555,X,X,X,X,X,X,2,7,1659
States,Montana,2012,2,X,0.201918,X,X,X,X,X,X,4,7,1981
States,Montana,2012,3,X,0.180397,X,X,X,X,X,X,3,7,1663
States,Montana,2012,4,X,0.171453,X,X,X,X,X,X,4,7,2333
States,Montana,2012,5,X,0.247117,X,X,X,X,X,X,6,7,2428
States,Montana,2012,6,X,0.27933,X,X,X,X,X,X,7,7,2506
States,Montana,2012,7,X,0.211238,X,X,X,X,X,X,5,7,2367
States,Montana,2012,8,X,0.741084,X,X,X,X,X,X,16,7,2159
States,Montana,2012,9,X,0.46875,X,X,X,X,X,X,12,7,2560
States,Montana,2012,10,X,0.845899,X,X,X,X,X,X,23,7,2719
States,Montana,2012,11,X,1.17335,X,X,X,X,X,X,31,7,2642
States,Montana,2012,12,X,0.744806,X,X,X,X,X,X,19,7,2551
States,Montana,2012,13,X,0.15674,X,X,X,X,X,X,4,7,2552
States,Montana,2012,14,X,0.185759,X,X,X,X,X,X,3,7,1615
States,Montana,2012,15,X,0.394737,X,X,X,X,X,X,9,6,2280
States,Montana,2012,16,X,0.0821693,X,X,X,X,X,X,2,6,2434
States,Montana,2012,17,X,0.401768,X,X,X,X,X,X,10,7,2489
States,Montana,2012,18,X,0,X,X,X,X,X,X,0,6,2542
States,Montana,2012,19,X,0.119522,X,X,X,X,X,X,3,7,2510
States,Montana,2012,20,X,0,X,X,X,X,X,X,0,7,1754
States,Montana,2012,21,X,0,X,X,X,X,X,X,0,6,1974
States,Montana,2012,22,X,0,X,X,X,X,X,X,0,6,1042
States,Montana,2012,23,X,0,X,X,X,X,X,X,0,5,1182
States,Montana,2012,24,X,0,X,X,X,X,X,X,0,6,1286
States,Montana,2012,25,X,0,X,X,X,X,X,X,0,5,1227
States,Montana,2012,26,X,0,X,X,X,X,X,X,0,6,1215
States,Montana,2012,27,X,0,X,X,X,X,X,X,0,4,929
States,Montana,2012,28,X,0,X,X,X,X,X,X,0,5,1301
States,Montana,2012,29,X,0,X,X,X,X,X,X,0,5,1280
States,Montana,2012,30,X,0,X,X,X,X,X,X,0,5,1377
States,Montana,2012,31,X,0,X,X,X,X,X,X,0,5,1254
States,Montana,2012,32,X,0,X,X,X,X,X,X,0,5,1184
States,Montana,2012,33,X,0,X,X,X,X,X,X,0,5,1269
States,Montana,2012,34,X,0,X,X,X,X,X,X,0,4,1547
States,Montana,2012,35,X,0,X,X,X,X,X,X,0,5,1917
States,Montana,2012,36,X,0,X,X,X,X,X,X,0,5,1691
States,Montana,2012,37,X,0,X,X,X,X,X,X,0,5,1983
States,Montana,2012,38,X,0,X,X,X,X,X,X,0,5,1919
States,Montana,2012,39,X,0,X,X,X,X,X,X,0,4,1875
States,Montana,2012,40,X,0.170474,X,X,X,X,X,X,5,10,2933
States,Montana,2012,41,X,0.148976,X,X,X,X,X,X,4,10,2685
States,Montana,2012,42,X,0.17325,X,X,X,X,X,X,5,10,2886
States,Montana,2012,43,X,0.0769231,X,X,X,X,X,X,2,8,2600
States,Montana,2012,44,X,0.188182,X,X,X,X,X,X,5,9,2657
States,Montana,2012,45,X,0.120822,X,X,X,X,X,X,3,9,2483
States,Montana,2012,46,X,0.15829,X,X,X,X,X,X,4,9,2527
States,Montana,2012,47,X,0.426743,X,X,X,X,X,X,9,9,2109
States,Montana,2012,48,X,0.101317,X,X,X,X,X,X,3,9,2961
States,Montana,2012,49,X,0.186986,X,X,X,X,X,X,5,8,2674
States,Montana,2012,50,X,0.18315,X,X,X,X,X,X,5,7,2730
States,Montana,2012,51,X,1.22505,X,X,X,X,X,X,27,7,2204
States,Montana,2012,52,X,0.631136,X,X,X,X,X,X,9,8,1426
States,Montana,2013,1,X,1.06045,X,X,X,X,X,X,20,8,1886
States,Montana,2013,2,X,1.05949,X,X,X,X,X,X,26,8,2454
States,Montana,2013,3,X,1.3905,X,X,X,X,X,X,36,9,2589
States,Montana,2013,4,X,1.22777,X,X,X,X,X,X,29,9,2362
States,Montana,2013,5,X,1.32319,X,X,X,X,X,X,40,9,3023
States,Montana,2013,6,X,0.956938,X,X,X,X,X,X,26,7,2717
States,Montana,2013,7,X,0.2886,X,X,X,X,X,X,8,8,2772
States,Montana,2013,8,X,1.03766,X,X,X,X,X,X,27,8,2602
States,Montana,2013,9,X,0.837277,X,X,X,X,X,X,23,7,2747
States,Montana,2013,10,X,0.778066,X,X,X,X,X,X,21,7,2699
States,Montana,2013,11,X,1.38462,X,X,X,X,X,X,36,7,2600
States,Montana,2013,12,X,0.389656,X,X,X,X,X,X,11,8,2823
States,Montana,2013,13,X,0.580998,X,X,X,X,X,X,17,9,2926
States,Montana,2013,14,X,0.155925,X,X,X,X,X,X,3,7,1924
States,Montana,2013,15,X,0.21606,X,X,X,X,X,X,6,8,2777
States,Montana,2013,16,X,0.0362056,X,X,X,X,X,X,1,8,2762
States,Montana,2013,17,X,0.177054,X,X,X,X,X,X,5,8,2824
States,Montana,2013,18,X,0,X,X,X,X,X,X,0,7,2525
States,Montana,2013,19,X,0,X,X,X,X,X,X,0,6,2547
States,Montana,2013,20,X,0.0412541,X,X,X,X,X,X,1,6,2424
States,Montana,2013,21,X,0.110011,X,X,X,X,X,X,2,6,1818
States,Montana,2013,22,X,0,X,X,X,X,X,X,0,6,1586
States,Montana,2013,23,X,0.245218,X,X,X,X,X,X,5,6,2039
States,Montana,2013,24,X,0.0791139,X,X,X,X,X,X,1,5,1264
States,Montana,2013,25,X,0.226929,X,X,X,X,X,X,3,5,1322
States,Montana,2013,26,X,0.0784314,X,X,X,X,X,X,1,5,1275
States,Montana,2013,27,X,0,X,X,X,X,X,X,0,5,991
States,Montana,2013,28,X,0,X,X,X,X,X,X,0,5,1347
States,Montana,2013,29,X,0,X,X,X,X,X,X,0,4,560
States,Montana,2013,30,X,0.0729395,X,X,X,X,X,X,1,5,1371
States,Montana,2013,31,X,0,X,X,X,X,X,X,0,6,1636
States,Montana,2013,32,X,0,X,X,X,X,X,X,0,5,1335
States,Montana,2013,33,X,0,X,X,X,X,X,X,0,4,628
States,Montana,2013,34,X,0,X,X,X,X,X,X,0,4,1542
States,Montana,2013,35,X,0,X,X,X,X,X,X,0,4,1717
States,Montana,2013,36,X,0,X,X,X,X,X,X,0,4,1424
States,Montana,2013,37,X,0,X,X,X,X,X,X,0,4,1741
States,Montana,2013,38,X,0.0581734,X,X,X,X,X,X,1,4,1719
States,Montana,2013,39,X,0,X,X,X,X,X,X,0,4,1576
States,Montana,2013,40,X,0.0852152,X,X,X,X,X,X,2,8,2347
States,Montana,2013,41,X,0.113766,X,X,X,X,X,X,3,8,2637
States,Montana,2013,42,X,0.0796495,X,X,X,X,X,X,2,8,2511
States,Montana,2013,43,X,0,X,X,X,X,X,X,0,8,2500
States,Montana,2013,44,X,0.0776096,X,X,X,X,X,X,2,7,2577
States,Montana,2013,45,X,0.0376932,X,X,X,X,X,X,1,8,2653
States,Montana,2013,46,X,0.295334,X,X,X,X,X,X,5,7,1693
States,Montana,2013,47,X,0.22409,X,X,X,X,X,X,4,7,1785
States,Montana,2013,48,X,0.169683,X,X,X,X,X,X,3,8,1768
States,Montana,2013,49,X,0.473244,X,X,X,X,X,X,13,8,2747
States,Montana,2013,50,X,0.452117,X,X,X,X,X,X,11,8,2433
States,Montana,2013,51,X,0.834028,X,X,X,X,X,X,10,6,1199
States,Montana,2013,52,X,4.81586,X,X,X,X,X,X,34,6,706
States,Montana,2014,1,X,2.97143,X,X,X,X,X,X,52,7,1750
States,Montana,2014,2,X,1.69348,X,X,X,X,X,X,40,7,2362
States,Montana,2014,3,X,1.01585,X,X,X,X,X,X,25,8,2461
States,Montana,2014,4,X,0.635497,X,X,X,X,X,X,14,8,2203
States,Montana,2014,5,X,0.145613,X,X,X,X,X,X,4,9,2747
States,Montana,2014,6,X,0.518327,X,X,X,X,X,X,14,9,2701
States,Montana,2014,7,X,0.143885,X,X,X,X,X,X,4,9,2780
States,Montana,2014,8,X,0.331538,X,X,X,X,X,X,8,9,2413
States,Montana,2014,9,X,0.15625,X,X,X,X,X,X,4,9,2560
States,Montana,2014,10,X,0.403522,X,X,X,X,X,X,11,8,2726
States,Montana,2014,11,X,0,X,X,X,X,X,X,0,9,2931
States,Montana,2014,12,X,0.103663,X,X,X,X,X,X,3,9,2894
States,Montana,2014,13,X,0.0347343,X,X,X,X,X,X,1,9,2879
States,Montana,2014,14,X,0.290135,X,X,X,X,X,X,6,9,2068
States,Montana,2014,15,X,0.0336927,X,X,X,X,X,X,1,9,2968
States,Montana,2014,16,X,0.0344828,X,X,X,X,X,X,1,9,2900
States,Montana,2014,17,X,0.0700035,X,X,X,X,X,X,2,9,2857
States,Montana,2014,18,X,0.0344116,X,X,X,X,X,X,1,9,2906
States,Montana,2014,19,X,0.0691324,X,X,X,X,X,X,2,9,2893
States,Montana,2014,20,X,0,X,X,X,X,X,X,0,8,2649
States,Montana,2014,21,X,0.0754148,X,X,X,X,X,X,1,7,1326
States,Montana,2014,22,X,0,X,X,X,X,X,X,0,8,1690
States,Montana,2014,23,X,0.224972,X,X,X,X,X,X,2,7,889
States,Montana,2014,24,X,0.0597015,X,X,X,X,X,X,1,8,1675
States,Montana,2014,25,X,0.0672948,X,X,X,X,X,X,1,8,1486
States,Montana,2014,26,X,0.0625782,X,X,X,X,X,X,1,8,1598
States,Montana,2014,27,X,0,X,X,X,X,X,X,0,8,1464
States,Montana,2014,28,X,0,X,X,X,X,X,X,0,8,1722
States,Montana,2014,29,X,0,X,X,X,X,X,X,0,7,705
States,Montana,2014,30,X,0,X,X,X,X,X,X,0,6,1325
States,Montana,2014,31,X,0,X,X,X,X,X,X,0,7,1564
States,Montana,2014,32,X,0,X,X,X,X,X,X,0,7,1448
States,Montana,2014,33,X,0,X,X,X,X,X,X,0,7,1499
States,Montana,2014,34,X,0,X,X,X,X,X,X,0,7,1875
States,Montana,2014,35,X,0,X,X,X,X,X,X,0,7,2005
States,Montana,2014,36,X,0,X,X,X,X,X,X,0,7,1952
States,Montana,2014,37,X,0,X,X,X,X,X,X,0,7,2202
States,Montana,2014,38,X,0,X,X,X,X,X,X,0,7,2148
States,Montana,2014,39,X,0.0882613,X,X,X,X,X,X,2,7,2266
States,Montana,2014,40,X,0.096401,X,X,X,X,X,X,3,12,3112
States,Montana,2014,41,X,0,X,X,X,X,X,X,0,11,3426
States,Montana,2014,42,X,0.0597907,X,X,X,X,X,X,2,11,3345
States,Montana,2014,43,X,0.126984,X,X,X,X,X,X,4,12,3150
States,Montana,2014,44,X,0.118941,X,X,X,X,X,X,4,12,3363
States,Montana,2014,45,X,0.188088,X,X,X,X,X,X,6,11,3190
States,Montana,2014,46,X,0.138696,X,X,X,X,X,X,4,11,2884
States,Montana,2014,47,X,0.126823,X,X,X,X,X,X,4,10,3154
States,Montana,2014,48,X,0.129422,X,X,X,X,X,X,3,11,2318
States,Montana,2014,49,X,0.0272926,X,X,X,X,X,X,1,11,3664
States,Montana,2014,50,X,0.569544,X,X,X,X,X,X,19,10,3336
States,Montana,2014,51,X,0.542373,X,X,X,X,X,X,16,11,2950
States,Montana,2014,52,X,1.47992,X,X,X,X,X,X,28,11,1892
States,Montana,2014,53,X,0.98668,X,X,X,X,X,X,20,11,2027
States,Montana,2015,1,X,1.40569,X,X,X,X,X,X,43,11,3059
States,Montana,2015,2,X,1.73021,X,X,X,X,X,X,59,11,3410
States,Montana,2015,3,X,1.84049,X,X,X,X,X,X,57,11,3097
States,Montana,2015,4,X,2.0467,X,X,X,X,X,X,71,10,3469
States,Montana,2015,5,X,1.28351,X,X,X,X,X,X,45,10,3506
States,Montana,2015,6,X,0.606936,X,X,X,X,X,X,21,10,3460
States,Montana,2015,7,X,0.376648,X,X,X,X,X,X,12,10,3186
States,Montana,2015,8,X,0.59812,X,X,X,X,X,X,21,10,3511
States,Montana,2015,9,X,0.4,X,X,X,X,X,X,14,10,3500
States,Montana,2015,10,X,0.71708,X,X,X,X,X,X,22,9,3068
States,Montana,2015,11,X,0.795229,X,X,X,X,X,X,24,9,3018
States,Montana,2015,12,X,0.735059,X,X,X,X,X,X,23,9,3129
States,Montana,2015,13,X,0.177857,X,X,X,X,X,X,4,9,2249
States,Montana,2015,14,X,0.166168,X,X,X,X,X,X,5,9,3009
States,Montana,2015,15,X,0.166389,X,X,X,X,X,X,5,9,3005
States,Montana,2015,16,X,0.200602,X,X,X,X,X,X,6,9,2991
States,Montana,2015,17,X,0.269088,X,X,X,X,X,X,8,9,2973
States,Montana,2015,18,X,0.0699301,X,X,X,X,X,X,2,9,2860
States,Montana,2015,19,X,0,X,X,X,X,X,X,0,8,3115
States,Montana,2015,20,X,0,X,X,X,X,X,X,0,8,2273
States,Montana,2015,21,X,0.143472,X,X,X,X,X,X,3,8,2091
States,Montana,2015,22,X,0,X,X,X,X,X,X,0,7,2027
States,Montana,2015,23,X,0,X,X,X,X,X,X,0,4,537
States,Montana,2015,24,X,0.0600962,X,X,X,X,X,X,1,5,1664
States,Montana,2015,25,X,0,X,X,X,X,X,X,0,5,1629
States,Montana,2015,26,X,0,X,X,X,X,X,X,0,5,1309
States,Montana,2015,27,X,0.109951,X,X,X,X,X,X,2,5,1819
States,Montana,2015,28,X,0,X,X,X,X,X,X,0,5,1747
States,Montana,2015,29,X,0.0550055,X,X,X,X,X,X,1,5,1818
States,Montana,2015,30,X,0.157563,X,X,X,X,X,X,3,5,1904
States,Montana,2015,31,X,0.212766,X,X,X,X,X,X,4,5,1880
States,Montana,2015,32,X,0,X,X,X,X,X,X,0,5,1768
States,Montana,2015,33,X,0,X,X,X,X,X,X,0,4,1372
States,Montana,2015,34,X,0,X,X,X,X,X,X,0,5,2019
States,Montana,2015,35,X,0,X,X,X,X,X,X,0,5,2245
States,Montana,2015,36,X,0.0494315,X,X,X,X,X,X,1,5,2023
States,Montana,2015,37,X,0.140302,X,X,X,X,X,X,4,7,2851
States,Montana,2015,38,X,0.130548,X,X,X,X,X,X,3,5,2298
States,Montana,2015,39,X,0.0581734,X,X,X,X,X,X,1,5,1719
States,Montana,2015,40,X,0.129618,X,X,X,X,X,X,4,8,3086
States,Montana,2015,41,X,0.110092,X,X,X,X,X,X,3,8,2725
States,Montana,2015,42,X,0.286328,X,X,X,X,X,X,8,7,2794
States,Montana,2015,43,X,0.059453,X,X,X,X,X,X,2,8,3364
States,Montana,2015,44,X,0.193299,X,X,X,X,X,X,6,8,3104
States,Montana,2015,45,X,0.23488,X,X,X,X,X,X,8,9,3406
States,Montana,2015,46,X,0.0518135,X,X,X,X,X,X,2,9,3860
States,Montana,2015,47,X,0.195084,X,X,X,X,X,X,5,9,2563
States,Montana,2015,48,X,0.13031,X,X,X,X,X,X,5,10,3837
States,Montana,2015,49,X,0.1321,X,X,X,X,X,X,5,9,3785
States,Montana,2015,50,X,0.140895,X,X,X,X,X,X,4,8,2839
States,Montana,2015,51,X,0.239693,X,X,X,X,X,X,5,9,2086
States,Montana,2015,52,X,0.27946,X,X,X,X,X,X,6,9,2147
States,Montana,2016,1,X,0.123495,X,X,X,X,X,X,4,8,3239
States,Montana,2016,2,X,0.0592944,X,X,X,X,X,X,2,8,3373
States,Montana,2016,3,X,0.129534,X,X,X,X,X,X,4,10,3088
States,Montana,2016,4,X,0.246548,X,X,X,X,X,X,10,10,4056
States,Montana,2016,5,X,0.224027,X,X,X,X,X,X,8,9,3571
States,Montana,2016,6,X,0.336962,X,X,X,X,X,X,13,10,3858
States,Montana,2016,7,X,0.349548,X,X,X,X,X,X,12,10,3433
States,Montana,2016,8,X,0.247321,X,X,X,X,X,X,9,9,3639
States,Montana,2016,9,X,0.60347,X,X,X,X,X,X,24,10,3977
States,Montana,2016,10,X,0.35229,X,X,X,X,X,X,14,10,3974
States,Montana,2016,11,X,1.23457,X,X,X,X,X,X,48,10,3888
States,Montana,2016,12,X,0.43494,X,X,X,X,X,X,12,8,2759
States,Montana,2016,13,X,0.31091,X,X,X,X,X,X,11,9,3538
States,Montana,2016,14,X,0.514756,X,X,X,X,X,X,15,9,2914
States,Montana,2016,15,X,0.237844,X,X,X,X,X,X,9,9,3784
States,Montana,2016,16,X,0.424516,X,X,X,X,X,X,16,10,3769
States,Montana,2016,17,X,0.528541,X,X,X,X,X,X,20,9,3784
States,Montana,2016,18,X,0.511836,X,X,X,X,X,X,16,8,3126
States,Montana,2016,19,X,0.10803,X,X,X,X,X,X,3,7,2777
States,Montana,2016,20,X,0,X,X,X,X,X,X,0,6,1627
States,Montana,2016,21,X,0,X,X,X,X,X,X,0,6,1787
States,Montana,2016,22,X,0,X,X,X,X,X,X,0,6,1348
States,Montana,2016,23,X,0,X,X,X,X,X,X,0,4,1604
States,Montana,2016,24,X,0,X,X,X,X,X,X,0,4,1465
States,Montana,2016,25,X,0,X,X,X,X,X,X,0,4,1488
States,Montana,2016,26,X,0.0696864,X,X,X,X,X,X,1,3,1435
States,Montana,2016,27,X,0,X,X,X,X,X,X,0,3,1091
States,Montana,2016,28,X,0,X,X,X,X,X,X,0,3,1360
States,Montana,2016,29,X,0,X,X,X,X,X,X,0,3,1446
States,Montana,2016,30,X,0,X,X,X,X,X,X,0,3,1448
States,Montana,2016,31,X,0,X,X,X,X,X,X,0,3,1258
States,Montana,2016,32,X,0,X,X,X,X,X,X,0,3,1419
States,Montana,2016,33,X,0,X,X,X,X,X,X,0,3,1246
States,Montana,2016,34,X,0.0657462,X,X,X,X,X,X,1,3,1521
States,Montana,2016,35,X,0,X,X,X,X,X,X,0,2,617
States,Montana,2016,36,X,0.0679348,X,X,X,X,X,X,1,3,1472
States,Montana,2016,37,X,0,X,X,X,X,X,X,0,3,1692
States,Montana,2016,38,X,0,X,X,X,X,X,X,0,3,1792
States,Montana,2016,39,X,0,X,X,X,X,X,X,0,3,1807
States,Montana,2016,40,X,0,X,X,X,X,X,X,0,7,3190
States,Montana,2016,41,X,0.255428,X,X,X,X,X,X,8,8,3132
States,Montana,2016,42,X,0.20552,X,X,X,X,X,X,7,9,3406
States,Montana,2016,43,X,0.142005,X,X,X,X,X,X,5,9,3521
States,Montana,2016,44,X,0.112867,X,X,X,X,X,X,4,9,3544
States,Montana,2016,45,X,0.215285,X,X,X,X,X,X,6,9,2787
States,Montana,2016,46,X,0.145858,X,X,X,X,X,X,5,8,3428
States,Montana,2016,47,X,0.15273,X,X,X,X,X,X,4,9,2619
States,Montana,2016,48,X,0.0269251,X,X,X,X,X,X,1,9,3714
States,Montana,2016,49,X,0.12987,X,X,X,X,X,X,4,8,3080
States,Montana,2016,50,X,0.196271,X,X,X,X,X,X,6,8,3057
States,Montana,2016,51,X,0.565171,X,X,X,X,X,X,16,9,2831
States,Montana,2016,52,X,0.229489,X,X,X,X,X,X,4,7,1743
States,Montana,2017,1,X,0.234926,X,X,X,X,X,X,6,9,2554
States,Montana,2017,2,X,0.393106,X,X,X,X,X,X,13,9,3307
States,Montana,2017,3,X,0.48226,X,X,X,X,X,X,14,9,2903
States,Montana,2017,4,X,0.312767,X,X,X,X,X,X,11,8,3517
States,Montana,2017,5,X,0.504484,X,X,X,X,X,X,18,9,3568
States,Montana,2017,6,X,0.542083,X,X,X,X,X,X,19,9,3505
States,Montana,2017,7,X,0.117268,X,X,X,X,X,X,4,8,3411
States,Montana,2017,8,X,0.244275,X,X,X,X,X,X,8,9,3275
States,Montana,2017,9,X,0.152672,X,X,X,X,X,X,5,8,3275
States,Montana,2017,10,X,0.204499,X,X,X,X,X,X,7,9,3423
States,Montana,2017,11,X,0.252101,X,X,X,X,X,X,9,9,3570
States,Montana,2017,12,X,0.0403877,X,X,X,X,X,X,1,8,2476
States,Montana,2017,13,X,0.228768,X,X,X,X,X,X,8,9,3497
States,Montana,2017,14,X,0.163621,X,X,X,X,X,X,6,9,3667
States,Montana,2017,15,X,0.0575043,X,X,X,X,X,X,2,8,3478
States,Montana,2017,16,X,0.111888,X,X,X,X,X,X,4,9,3575
States,Montana,2017,17,X,0.0484027,X,X,X,X,X,X,1,7,2066
States,Montana,2017,18,X,0,X,X,X,X,X,X,0,9,3641
States,Montana,2017,19,X,0,X,X,X,X,X,X,0,8,3042
States,Montana,2017,20,X,0,X,X,X,X,X,X,0,7,2702
States,Montana,2017,21,X,0,X,X,X,X,X,X,0,7,1444
States,Montana,2017,22,X,0,X,X,X,X,X,X,0,7,2226
States,Montana,2017,23,X,0,X,X,X,X,X,X,0,5,2191
States,Montana,2017,24,X,0,X,X,X,X,X,X,0,5,2135
States,Montana,2017,25,X,0,X,X,X,X,X,X,0,5,2040
States,Montana,2017,26,X,0,X,X,X,X,X,X,0,5,2082
States,Montana,2017,27,X,0,X,X,X,X,X,X,0,5,1631
States,Montana,2017,28,X,0,X,X,X,X,X,X,0,4,883
States,Montana,2017,29,X,0,X,X,X,X,X,X,0,4,2066
States,Montana,2017,30,X,0,X,X,X,X,X,X,0,5,2229
States,Montana,2017,31,X,0,X,X,X,X,X,X,0,4,2010
States,Montana,2017,32,X,0,X,X,X,X,X,X,0,4,2147
States,Montana,2017,33,X,0,X,X,X,X,X,X,0,4,1994
States,Montana,2017,34,X,0,X,X,X,X,X,X,0,4,2164
States,Montana,2017,35,X,0,X,X,X,X,X,X,0,4,2529
States,Montana,2017,36,X,0,X,X,X,X,X,X,0,4,2085
States,Montana,2017,37,X,0,X,X,X,X,X,X,0,3,2227
States,Montana,2017,38,X,0,X,X,X,X,X,X,0,5,2588
States,Montana,2017,39,X,0,X,X,X,X,X,X,0,3,1839
States,Montana,2017,40,X,0.165792,X,X,X,X,X,X,6,7,3619
States,Montana,2017,41,X,0.0620732,X,X,X,X,X,X,2,8,3222
States,Montana,2017,42,X,0.0586166,X,X,X,X,X,X,2,8,3412
States,Montana,2017,43,X,0.0565451,X,X,X,X,X,X,2,8,3537
States,Montana,2017,44,X,0.194121,X,X,X,X,X,X,7,8,3606
States,Montana,2017,45,X,0.128164,X,X,X,X,X,X,4,8,3121
States,Montana,2017,46,X,0.108196,X,X,X,X,X,X,4,7,3697
States,Montana,2017,47,X,0.231481,X,X,X,X,X,X,6,8,2592
States,Montana,2017,48,X,0.0948767,X,X,X,X,X,X,3,7,3162
States,Montana,2017,49,X,0.105988,X,X,X,X,X,X,4,8,3774
States,Montana,2017,50,X,0.0831716,X,X,X,X,X,X,3,8,3607
States,Montana,2017,51,X,0.0637146,X,X,X,X,X,X,2,8,3139
States,Montana,2017,52,X,0.176991,X,X,X,X,X,X,3,8,1695
States,Montana,2018,1,X,0.118906,X,X,X,X,X,X,3,8,2523
States,Montana,2018,2,X,0.636364,X,X,X,X,X,X,21,7,3300
States,Montana,2018,3,X,0.538827,X,X,X,X,X,X,17,8,3155
States,Montana,2018,4,X,0.414594,X,X,X,X,X,X,15,8,3618
States,Montana,2018,5,X,0.702106,X,X,X,X,X,X,28,8,3988
States,Montana,2018,6,X,0.467675,X,X,X,X,X,X,17,8,3635
States,Montana,2018,7,X,0.473538,X,X,X,X,X,X,17,8,3590
States,Montana,2018,8,X,0.593565,X,X,X,X,X,X,19,8,3201
States,Montana,2018,9,X,0.886076,X,X,X,X,X,X,35,8,3950
States,Montana,2018,10,X,0.504112,X,X,X,X,X,X,19,8,3769
States,Montana,2018,11,X,0.382618,X,X,X,X,X,X,14,7,3659
States,Montana,2018,12,X,0.376648,X,X,X,X,X,X,14,7,3717
States,Montana,2018,13,X,0.332336,X,X,X,X,X,X,10,8,3009
States,Montana,2018,14,X,0.478334,X,X,X,X,X,X,17,8,3554
States,Montana,2018,15,X,0.535714,X,X,X,X,X,X,21,8,3920
States,Montana,2018,16,X,0.182577,X,X,X,X,X,X,7,8,3834
States,Montana,2018,17,X,0,X,X,X,X,X,X,0,8,3471
States,Montana,2018,18,X,0,X,X,X,X,X,X,0,7,3401
States,Montana,2018,19,X,0.0574713,X,X,X,X,X,X,2,8,3480
States,Montana,2018,20,X,0,X,X,X,X,X,X,0,8,3059
States,Montana,2018,21,X,0,X,X,X,X,X,X,0,7,2947
States,Montana,2018,22,X,0,X,X,X,X,X,X,0,7,2265
States,Montana,2018,23,X,0,X,X,X,X,X,X,0,4,2049
States,Montana,2018,24,X,0,X,X,X,X,X,X,0,4,1945
States,Montana,2018,25,X,0,X,X,X,X,X,X,0,4,1645
States,Montana,2018,26,X,0,X,X,X,X,X,X,0,4,1939
States,Montana,2018,27,X,0,X,X,X,X,X,X,0,3,439
States,Montana,2018,28,X,0,X,X,X,X,X,X,0,4,1974
States,Montana,2018,29,X,0,X,X,X,X,X,X,0,4,1950
States,Montana,2018,30,X,0,X,X,X,X,X,X,0,4,1969
States,Montana,2018,31,X,0,X,X,X,X,X,X,0,3,1736
States,Montana,2018,32,X,0,X,X,X,X,X,X,0,3,1791
States,Montana,2018,33,X,0,X,X,X,X,X,X,0,3,1899
States,Montana,2018,34,X,0,X,X,X,X,X,X,0,2,1623
States,Montana,2018,35,X,0,X,X,X,X,X,X,0,2,1828
States,Montana,2018,36,X,0,X,X,X,X,X,X,0,2,1522
States,Montana,2018,37,X,0,X,X,X,X,X,X,0,2,1924
States,Montana,2018,38,X,0,X,X,X,X,X,X,0,1,1357
States,Montana,2018,39,X,0,X,X,X,X,X,X,0,1,1409
States,Montana,2018,40,X,0.634962,X,X,X,X,X,X,49,30,7717
States,Montana,2018,41,X,0.541221,X,X,X,X,X,X,43,35,7945
States,Montana,2018,42,X,0.718391,X,X,X,X,X,X,55,34,7656
States,Montana,2018,43,X,0.580357,X,X,X,X,X,X,52,35,8960
States,Montana,2018,44,X,0.708248,X,X,X,X,X,X,62,35,8754
States,Montana,2018,45,X,0.592277,X,X,X,X,X,X,50,36,8442
States,Montana,2018,46,X,0.714286,X,X,X,X,X,X,61,36,8540
States,Montana,2018,47,X,1.30226,X,X,X,X,X,X,95,35,7295
States,Montana,2018,48,X,0.885296,X,X,X,X,X,X,69,35,7794
States,Montana,2018,49,X,0.665795,X,X,X,X,X,X,56,34,8411
States,Montana,2018,50,X,0.892857,X,X,X,X,X,X,79,35,8848
States,Montana,2018,51,X,0.963463,X,X,X,X,X,X,77,34,7992
States,Montana,2018,52,X,2.17698,X,X,X,X,X,X,139,31,6385
States,Montana,2019,1,X,1.64133,X,X,X,X,X,X,122,35,7433
States,Montana,2019,2,X,1.56068,X,X,X,X,X,X,147,35,9419
States,Montana,2019,3,X,1.63584,X,X,X,X,X,X,153,35,9353
States,Montana,2019,4,X,2.02273,X,X,X,X,X,X,178,35,8800
States,Montana,2019,5,X,2.36801,X,X,X,X,X,X,244,35,10304
States,Montana,2019,6,X,3.19065,X,X,X,X,X,X,284,35,8901
States,Montana,2019,7,X,3.56632,X,X,X,X,X,X,349,35,9786
States,Montana,2019,8,X,3.79244,X,X,X,X,X,X,353,35,9308
States,Montana,2019,9,X,3.63326,X,X,X,X,X,X,319,35,8780
States,Montana,2019,10,X,3.16529,X,X,X,X,X,X,302,34,9541
States,Montana,2019,11,X,3.42535,X,X,X,X,X,X,340,34,9926
States,Montana,2019,12,X,2.26349,X,X,X,X,X,X,206,34,9101
States,Montana,2019,13,X,1.98854,X,X,X,X,X,X,177,34,8901
States,Montana,2019,14,X,1.23989,X,X,X,X,X,X,115,33,9275
States,Montana,2019,15,X,1.13875,X,X,X,X,X,X,103,35,9045
States,Montana,2019,16,X,0.886171,X,X,X,X,X,X,71,33,8012
States,Montana,2019,17,X,0.852827,X,X,X,X,X,X,70,32,8208
States,Montana,2019,18,X,0.662583,X,X,X,X,X,X,53,33,7999
States,Montana,2019,19,X,0.699205,X,X,X,X,X,X,51,32,7294
States,Montana,2019,20,X,0.830827,X,X,X,X,X,X,58,30,6981
States,Montana,2019,21,X,0.822529,X,X,X,X,X,X,59,31,7173
States,Montana,2019,22,X,0.676841,X,X,X,X,X,X,51,32,7535
States,Montana,2019,23,X,0.751001,X,X,X,X,X,X,45,26,5992
States,Montana,2019,24,X,0.645876,X,X,X,X,X,X,35,25,5419
States,Montana,2019,25,X,0.418702,X,X,X,X,X,X,24,25,5732
States,Montana,2019,26,X,0.364773,X,X,X,X,X,X,21,24,5757
States,Montana,2019,27,X,0.504686,X,X,X,X,X,X,28,25,5548
States,Montana,2019,28,X,0.552764,X,X,X,X,X,X,33,24,5970
States,Montana,2019,29,X,0.478878,X,X,X,X,X,X,28,25,5847
States,Montana,2019,30,X,0.409232,X,X,X,X,X,X,25,25,6109
States,Montana,2019,31,X,0.359712,X,X,X,X,X,X,21,25,5838
States,Montana,2019,32,X,0.424809,X,X,X,X,X,X,25,25,5885
States,Montana,2019,33,X,0.373514,X,X,X,X,X,X,22,25,5890
States,Montana,2019,34,X,0.441052,X,X,X,X,X,X,26,25,5895
States,Montana,2019,35,X,0.400348,X,X,X,X,X,X,23,24,5745
States,Montana,2019,36,X,0.424232,X,X,X,X,X,X,25,24,5893
States,Montana,2019,37,X,0.6941,X,X,X,X,X,X,42,24,6051
States,Montana,2019,38,X,0.805622,X,X,X,X,X,X,47,24,5834
States,Montana,2019,39,X,0.718943,X,X,X,X,X,X,43,24,5981
States,Montana,2019,40,X,1.00762,X,X,X,X,X,X,82,38,8138
States,Montana,2019,41,X,0.799842,X,X,X,X,X,X,81,40,10127
States,Montana,2019,42,X,0.682563,X,X,X,X,X,X,75,41,10988
States,Montana,2019,43,X,0.760525,X,X,X,X,X,X,84,41,11045
States,Montana,2019,44,X,0.796503,X,X,X,X,X,X,82,42,10295
States,Montana,2019,45,X,0.930997,X,X,X,X,X,X,102,41,10956
States,Montana,2019,46,X,1.1386,X,X,X,X,X,X,104,40,9134
States,Montana,2019,47,X,1.18399,X,X,X,X,X,X,137,42,11571
States,Montana,2019,48,X,1.42826,X,X,X,X,X,X,130,42,9102
States,Montana,2019,49,X,1.21029,X,X,X,X,X,X,136,42,11237
States,Montana,2019,50,X,1.31013,X,X,X,X,X,X,140,41,10686
States,Montana,2019,51,X,1.59242,X,X,X,X,X,X,158,40,9922
States,Montana,2019,52,X,2.28766,X,X,X,X,X,X,202,41,8830
States,Montana,2020,1,X,2.18523,X,X,X,X,X,X,214,41,9793
States,Montana,2020,2,X,2.05238,X,X,X,X,X,X,210,42,10232
States,Montana,2020,3,X,2.11912,X,X,X,X,X,X,243,43,11467
States,Montana,2020,4,X,3.1558,X,X,X,X,X,X,349,42,11059
States,Montana,2020,5,X,3.73816,X,X,X,X,X,X,430,41,11503
States,Montana,2020,6,X,3.67587,X,X,X,X,X,X,450,43,12242
States,Montana,2020,7,X,3.75749,X,X,X,X,X,X,445,42,11843
States,Montana,2020,8,X,3.58841,X,X,X,X,X,X,400,42,11147
States,Montana,2020,9,X,3.73482,X,X,X,X,X,X,449,42,12022
States,Montana,2020,10,X,4.51121,X,X,X,X,X,X,479,38,10618
States,Montana,2020,11,X,4.87274,X,X,X,X,X,X,515,38,10569
States,Montana,2020,12,X,4.54203,X,X,X,X,X,X,362,37,7970
States,Montana,2020,13,X,3.56859,X,X,X,X,X,X,269,39,7538
States,Montana,2020,14,X,2.26566,X,X,X,X,X,X,153,39,6753
States,Montana,2020,15,X,1.5327,X,X,X,X,X,X,90,39,5872
States,Montana,2020,16,X,1.10488,X,X,X,X,X,X,67,38,6064
States,Montana,2020,17,X,0.984176,X,X,X,X,X,X,51,36,5182
States,Montana,2020,18,X,0.677806,X,X,X,X,X,X,43,37,6344
States,Montana,2020,19,X,0.563595,X,X,X,X,X,X,37,36,6565
States,Montana,2020,20,X,0.355366,X,X,X,X,X,X,20,35,5628
States,Montana,2020,21,X,0.58936,X,X,X,X,X,X,37,33,6278
States,Montana,2020,22,X,0.476493,X,X,X,X,X,X,30,33,6296
States,Montana,2020,23,X,0.367085,X,X,X,X,X,X,24,32,6538
States,Montana,2020,24,X,0.450607,X,X,X,X,X,X,26,30,5770
States,Montana,2020,25,X,0.456621,X,X,X,X,X,X,28,31,6132
States,Montana,2020,26,X,0.749362,X,X,X,X,X,X,47,30,6272
States,Montana,2020,27,X,0.894484,X,X,X,X,X,X,54,30,6037
States,Montana,2020,28,X,0.775675,X,X,X,X,X,X,50,30,6446
States,Montana,2020,29,X,0.727525,X,X,X,X,X,X,42,30,5773
States,Montana,2020,30,X,0.571882,X,X,X,X,X,X,36,30,6295
States,Montana,2020,31,X,0.787898,X,X,X,X,X,X,50,30,6346
States,Montana,2020,32,X,0.657684,X,X,X,X,X,X,41,30,6234
States,Montana,2020,33,X,0.646831,X,X,X,X,X,X,40,30,6184
States,Montana,2020,34,X,0.567077,X,X,X,X,X,X,35,30,6172
States,Montana,2020,35,X,0.533156,X,X,X,X,X,X,32,30,6002
States,Montana,2020,36,X,0.670667,X,X,X,X,X,X,38,30,5666
States,Montana,2020,37,X,0.835792,X,X,X,X,X,X,51,30,6102
States,Montana,2020,38,X,0.733496,X,X,X,X,X,X,45,30,6135
States,Montana,2020,39,X,0.930013,X,X,X,X,X,X,59,30,6344
States,Montana,2020,40,X,0.997293,X,X,X,X,X,X,70,30,7019
States,Montana,2020,41,X,1.34737,X,X,X,X,X,X,96,30,7125
States,Montana,2020,42,X,1.29082,X,X,X,X,X,X,83,30,6430
States,Montana,2020,43,X,0.959874,X,X,X,X,X,X,61,30,6355
States,Montana,2020,44,X,0.931815,X,X,X,X,X,X,63,31,6761
States,Montana,2020,45,X,1.00175,X,X,X,X,X,X,63,31,6289
States,Montana,2020,46,X,1.00731,X,X,X,X,X,X,62,31,6155
States,Montana,2020,47,X,0.830841,X,X,X,X,X,X,50,30,6018
States,Montana,2020,48,X,0.936937,X,X,X,X,X,X,52,31,5550
States,Montana,2020,49,X,0.906344,X,X,X,X,X,X,57,30,6289
States,Montana,2020,50,X,0.852946,X,X,X,X,X,X,54,30,6331
States,Montana,2020,51,X,0.749601,X,X,X,X,X,X,47,30,6270
States,Montana,2020,52,X,0.926262,X,X,X,X,X,X,51,30,5506
States,Montana,2020,53,X,0.473518,X,X,X,X,X,X,27,30,5702
States,Montana,2021,1,X,0.601551,X,X,X,X,X,X,38,30,6317
States,Montana,2021,2,X,0.64041,X,X,X,X,X,X,40,30,6246
States,Montana,2021,3,X,0.619798,X,X,X,X,X,X,35,30,5647
States,Montana,2021,4,X,0.454902,X,X,X,X,X,X,29,30,6375
States,Montana,2021,5,X,0.371345,X,X,X,X,X,X,24,30,6463
States,Montana,2021,6,X,0.526584,X,X,X,X,X,X,31,30,5887
States,Montana,2021,7,X,0.437876,X,X,X,X,X,X,24,30,5481
States,Montana,2021,8,X,0.409117,X,X,X,X,X,X,21,30,5133
States,Montana,2021,9,X,0.421196,X,X,X,X,X,X,31,30,7360
States,Montana,2021,10,X,0.269992,X,X,X,X,X,X,21,30,7778
States,Montana,2021,11,X,0.494917,X,X,X,X,X,X,37,30,7476
States,Montana,2021,12,X,0.551524,X,X,X,X,X,X,38,29,6890
States,Montana,2021,13,X,0.287391,X,X,X,X,X,X,24,30,8351
States,Montana,2021,14,X,0.376068,X,X,X,X,X,X,33,30,8775
States,Montana,2021,15,X,0.426057,X,X,X,X,X,X,38,30,8919
States,Montana,2021,16,X,0.429492,X,X,X,X,X,X,36,30,8382
States,Montana,2021,17,X,0.518538,X,X,X,X,X,X,40,29,7714
States,Montana,2021,18,X,0.746689,X,X,X,X,X,X,53,29,7098
States,Montana,2021,19,X,0.484013,X,X,X,X,X,X,33,29,6818
States,Montana,2021,20,X,0.525253,X,X,X,X,X,X,39,30,7425
States,Montana,2021,21,X,0.438538,X,X,X,X,X,X,33,30,7525
States,Montana,2021,22,X,0.690571,X,X,X,X,X,X,52,30,7530
States,Montana,2021,23,X,0.416125,X,X,X,X,X,X,32,30,7690
States,Montana,2021,24,X,0.585242,X,X,X,X,X,X,46,30,7860
States,Montana,2021,25,X,0.705671,X,X,X,X,X,X,55,30,7794
States,Montana,2021,26,X,0.617589,X,X,X,X,X,X,50,30,8096
States,Montana,2021,27,X,0.569432,X,X,X,X,X,X,44,30,7727
States,Montana,2021,28,X,0.606436,X,X,X,X,X,X,49,30,8080
States,Montana,2021,29,X,0.782875,X,X,X,X,X,X,64,30,8175
States,Montana,2021,30,X,0.853384,X,X,X,X,X,X,72,30,8437
States,Montana,2021,31,X,0.861244,X,X,X,X,X,X,72,30,8360
States,Montana,2021,32,X,1.28913,X,X,X,X,X,X,105,30,8145
States,Montana,2021,33,X,1.15924,X,X,X,X,X,X,91,30,7850
States,Montana,2021,34,X,1.03501,X,X,X,X,X,X,81,30,7826
States,Montana,2021,35,X,1.35979,X,X,X,X,X,X,111,30,8163
States,Montana,2021,36,X,1.6119,X,X,X,X,X,X,129,30,8003
States,Montana,2021,37,X,1.5481,X,X,X,X,X,X,126,30,8139
States,Montana,2021,38,X,1.75799,X,X,X,X,X,X,137,30,7793
States,Montana,2021,39,X,1.89991,X,X,X,X,X,X,153,30,8053
States,Montana,2021,40,X,1.39758,X,X,X,X,X,X,105,30,7513
States,Montana,2021,41,X,1.67267,X,X,X,X,X,X,116,30,6935
States,Montana,2021,42,X,1.88889,X,X,X,X,X,X,136,30,7200
States,Montana,2021,43,X,1.76966,X,X,X,X,X,X,126,30,7120
States,Montana,2021,44,X,2.04439,X,X,X,X,X,X,140,30,6848
States,Montana,2021,45,X,1.89433,X,X,X,X,X,X,128,30,6757
States,Montana,2021,46,X,1.85266,X,X,X,X,X,X,127,30,6855
States,Montana,2021,47,X,1.66534,X,X,X,X,X,X,105,30,6305
States,Montana,2021,48,X,1.33177,X,X,X,X,X,X,91,30,6833
States,Montana,2021,49,X,1.18937,X,X,X,X,X,X,77,30,6474
States,Montana,2021,50,X,1.42121,X,X,X,X,X,X,91,30,6403
States,Montana,2021,51,X,2.28465,X,X,X,X,X,X,135,30,5909
States,Montana,2021,52,X,3.22985,X,X,X,X,X,X,206,30,6378
States,Montana,2022,1,X,2.6988,X,X,X,X,X,X,187,30,6929
States,Montana,2022,2,X,2.52762,X,X,X,X,X,X,183,30,7240
States,Montana,2022,3,X,2.9517,X,X,X,X,X,X,198,30,6708
States,Montana,2022,4,X,1.7562,X,X,X,X,X,X,119,30,6776
States,Montana,2022,5,X,1.41162,X,X,X,X,X,X,94,30,6659
States,Montana,2022,6,X,1.28399,X,X,X,X,X,X,85,30,6620
States,Montana,2022,7,X,1.04841,X,X,X,X,X,X,68,30,6486
States,Montana,2022,8,X,1.18901,X,X,X,X,X,X,77,31,6476
States,Montana,2022,9,X,1.0989,X,X,X,X,X,X,71,30,6461
States,Montana,2022,10,X,1.61569,X,X,X,X,X,X,103,30,6375
States,Montana,2022,11,X,1.45714,X,X,X,X,X,X,94,30,6451
States,Montana,2022,12,X,1.51803,X,X,X,X,X,X,72,30,4743
States,Montana,2022,13,X,1.0855,X,X,X,X,X,X,65,30,5988
States,Montana,2022,14,X,1.13759,X,X,X,X,X,X,84,31,7384
States,Montana,2022,15,X,1.09039,X,X,X,X,X,X,76,31,6970
States,Montana,2022,16,X,1.1787,X,X,X,X,X,X,87,31,7381
States,Montana,2022,17,X,1.13382,X,X,X,X,X,X,76,30,6703
States,Montana,2022,18,X,0.925926,X,X,X,X,X,X,62,25,6696
States,Montana,2022,19,X,0.913447,X,X,X,X,X,X,61,30,6678
States,Montana,2022,20,X,1.20655,X,X,X,X,X,X,84,30,6962
States,Montana,2022,21,X,1.11127,X,X,X,X,X,X,77,30,6929
States,Montana,2022,22,X,1.049,X,X,X,X,X,X,76,28,7245
States,Montana,2022,23,X,1.12102,X,X,X,X,X,X,83,28,7404
States,Montana,2022,24,X,0.928662,X,X,X,X,X,X,66,28,7107
States,Montana,2022,25,X,0.736574,X,X,X,X,X,X,55,28,7467
States,Montana,2022,26,X,0.86934,X,X,X,X,X,X,67,28,7707
States,Montana,2022,27,X,0.824102,X,X,X,X,X,X,61,28,7402
States,Montana,2022,28,X,0.682163,X,X,X,X,X,X,54,28,7916
States,Montana,2022,29,X,0.853927,X,X,X,X,X,X,66,28,7729
States,Montana,2022,30,X,0.866028,X,X,X,X,X,X,66,28,7621
States,Montana,2022,31,X,0.518739,X,X,X,X,X,X,40,28,7711
States,Montana,2022,32,X,0.722067,X,X,X,X,X,X,57,28,7894
States,Montana,2022,33,X,0.62079,X,X,X,X,X,X,47,28,7571
States,Montana,2022,34,X,0.597177,X,X,X,X,X,X,44,28,7368
States,Montana,2022,35,X,0.647948,X,X,X,X,X,X,48,28,7408
States,Montana,2022,36,X,0.734982,X,X,X,X,X,X,52,28,7075
States,Montana,2022,37,X,0.83682,X,X,X,X,X,X,60,28,7170
States,Montana,2022,38,X,0.978577,X,X,X,X,X,X,74,28,7562
States,Montana,2022,39,X,0.930604,X,X,X,X,X,X,70,28,7522
States,Montana,2022,40,X,0.702798,X,X,X,X,X,X,52,28,7399
States,Montana,2022,41,X,0.905105,X,X,X,X,X,X,64,28,7071
States,Montana,2022,42,X,0.951581,X,X,X,X,X,X,68,28,7146
States,Montana,2022,43,X,1.14669,X,X,X,X,X,X,82,28,7151
States,Montana,2022,44,X,1.3873,X,X,X,X,X,X,97,28,6992
States,Montana,2022,45,X,2.22293,X,X,X,X,X,X,139,28,6253
States,Montana,2022,46,X,2.07526,X,X,X,X,X,X,150,28,7228
States,Montana,2022,47,X,4.21356,X,X,X,X,X,X,307,28,7286
States,Montana,2022,48,X,3.93477,X,X,X,X,X,X,304,28,7726
States,Montana,2022,49,X,4.48888,X,X,X,X,X,X,339,28,7552
States,Montana,2022,50,X,4.68316,X,X,X,X,X,X,371,28,7922
States,Montana,2022,51,X,5.18821,X,X,X,X,X,X,368,28,7093
States,Montana,2022,52,X,3.64827,X,X,X,X,X,X,273,28,7483
States,Montana,2023,1,X,2.74101,X,X,X,X,X,X,205,28,7479
States,Montana,2023,2,X,1.65709,X,X,X,X,X,X,124,28,7483
States,Montana,2023,3,X,1.31242,X,X,X,X,X,X,82,28,6248
States,Montana,2023,4,X,1.36705,X,X,X,X,X,X,100,28,7315
States,Montana,2023,5,X,1.16311,X,X,X,X,X,X,84,28,7222
States,Montana,2023,6,X,1.35062,X,X,X,X,X,X,100,28,7404
States,Montana,2023,7,X,1.36382,X,X,X,X,X,X,102,28,7479
States,Montana,2023,8,X,1.53154,X,X,X,X,X,X,109,28,7117
States,Montana,2023,9,X,1.0065,X,X,X,X,X,X,79,28,7849
States,Montana,2023,10,X,1.47059,X,X,X,X,X,X,112,28,7616
States,Montana,2023,11,X,1.29837,X,X,X,X,X,X,102,28,7856
States,Montana,2023,12,X,1.5022,X,X,X,X,X,X,116,28,7722
States,Montana,2023,13,X,1.29493,X,X,X,X,X,X,98,28,7568
States,Montana,2023,14,X,1.1533,X,X,X,X,X,X,89,28,7717
States,Montana,2023,15,X,1.19353,X,X,X,X,X,X,93,28,7792
States,Montana,2023,16,X,1.34641,X,X,X,X,X,X,81,27,6016
States,Montana,2023,17,X,1.02108,X,X,X,X,X,X,78,28,7639
States,Montana,2023,18,X,1.05766,X,X,X,X,X,X,82,28,7753
States,Montana,2023,19,X,1.00388,X,X,X,X,X,X,75,28,7471
States,Montana,2023,20,X,0.782701,X,X,X,X,X,X,59,28,7538
States,Montana,2023,21,X,0.856449,X,X,X,X,X,X,67,28,7823
States,Montana,2023,22,X,0.78534,X,X,X,X,X,X,60,28,7640
States,Montana,2023,23,X,0.66993,X,X,X,X,X,X,52,28,7762
States,Montana,2023,24,X,0.677099,X,X,X,X,X,X,45,28,6646
States,Montana,2023,25,X,0.662043,X,X,X,X,X,X,42,28,6344
States,Montana,2023,26,X,0.43315,X,X,X,X,X,X,30,28,6926
States,Montana,2023,27,X,0.618238,X,X,X,X,X,X,32,27,5176
States,Montana,2023,28,X,0.612745,X,X,X,X,X,X,35,27,5712
States,Montana,2023,29,X,0.314939,X,X,X,X,X,X,23,28,7303
States,Montana,2023,30,X,0.466542,X,X,X,X,X,X,35,28,7502
States,Montana,2023,31,X,0.301246,X,X,X,X,X,X,22,28,7303
States,Montana,2023,32,X,0.461926,X,X,X,X,X,X,33,28,7144
States,Montana,2023,33,X,0.327377,X,X,X,X,X,X,24,28,7331
States,Montana,2023,34,X,0.523921,X,X,X,X,X,X,38,28,7253
States,Montana,2023,35,X,0.540915,X,X,X,X,X,X,39,28,7210
States,Montana,2023,36,X,0.622084,X,X,X,X,X,X,44,28,7073
States,Montana,2023,37,X,0.607112,X,X,X,X,X,X,42,28,6918
States,Montana,2023,38,X,0.64243,X,X,X,X,X,X,44,28,6849
States,Montana,2023,39,X,0.80573,X,X,X,X,X,X,54,28,6702
States,Montana,2023,40,X,0.664697,X,X,X,X,X,X,45,28,6770
States,Montana,2023,41,X,0.663683,X,X,X,X,X,X,43,28,6479
States,Montana,2023,42,X,0.736037,X,X,X,X,X,X,51,28,6929
States,Montana,2023,43,X,0.657277,X,X,X,X,X,X,42,28,6390
States,Montana,2023,44,X,0.56616,X,X,X,X,X,X,35,28,6182
States,Montana,2023,45,X,0.91817,X,X,X,X,X,X,57,28,6208
States,Montana,2023,46,X,0.925511,X,X,X,X,X,X,62,28,6699
States,Montana,2023,47,X,1.15804,X,X,X,X,X,X,68,28,5872
States,Montana,2023,48,X,0.794603,X,X,X,X,X,X,53,28,6670
States,Montana,2023,49,X,1.16993,X,X,X,X,X,X,80,28,6838
States,Montana,2023,50,X,1.62661,X,X,X,X,X,X,111,28,6824
States,Montana,2023,51,X,2.43623,X,X,X,X,X,X,170,28,6978
States,Montana,2023,52,X,4.2673,X,X,X,X,X,X,288,28,6749
States,Montana,2024,1,X,3.88986,X,X,X,X,X,X,267,28,6864
States,Montana,2024,2,X,3.00683,X,X,X,X,X,X,198,28,6585
States,Montana,2024,3,X,2.90866,X,X,X,X,X,X,171,28,5879
States,Montana,2024,4,X,2.3915,X,X,X,X,X,X,162,28,6774
States,Montana,2024,5,X,2.27005,X,X,X,X,X,X,154,28,6784
States,Montana,2024,6,X,2.87684,X,X,X,X,X,X,192,28,6674
States,Montana,2024,7,X,2.02223,X,X,X,X,X,X,131,28,6478
States,Montana,2024,8,X,1.87123,X,X,X,X,X,X,118,28,6306
States,Montana,2024,9,X,1.49541,X,X,X,X,X,X,101,28,6754
States,Montana,2024,10,X,1.81818,X,X,X,X,X,X,121,28,6655
States,Montana,2024,11,X,1.60232,X,X,X,X,X,X,105,28,6553
States,Montana,2024,12,X,1.30129,X,X,X,X,X,X,85,28,6532
States,Montana,2024,13,X,1.29596,X,X,X,X,X,X,86,28,6636
States,Montana,2024,14,X,1.54618,X,X,X,X,X,X,77,28,4980
States,Montana,2024,15,X,0.710184,X,X,X,X,X,X,47,28,6618
States,Montana,2024,16,X,0.819672,X,X,X,X,X,X,55,28,6710
States,Montana,2024,17,X,0.965212,X,X,X,X,X,X,48,27,4973
States,Montana,2024,18,X,0.781955,X,X,X,X,X,X,52,28,6650
States,Montana,2024,19,X,0.87799,X,X,X,X,X,X,58,28,6606
States,Montana,2024,20,X,0.873239,X,X,X,X,X,X,62,28,7100
States,Montana,2024,21,X,0.620201,X,X,X,X,X,X,42,28,6772
States,Montana,2024,22,X,0.763587,X,X,X,X,X,X,51,28,6679
States,Montana,2024,23,X,0.683239,X,X,X,X,X,X,47,28,6879
States,Montana,2024,24,X,0.38656,X,X,X,X,X,X,26,28,6726
States,Montana,2024,25,X,0.53979,X,X,X,X,X,X,35,28,6484
States,Montana,2024,26,X,0.486827,X,X,X,X,X,X,34,28,6984
States,Montana,2024,27,X,0.603155,X,X,X,X,X,X,39,28,6466
States,Montana,2024,28,X,0.575113,X,X,X,X,X,X,33,27,5738
States,Montana,2024,29,X,0.297156,X,X,X,X,X,X,21,28,7067
States,Montana,2024,30,X,0.402183,X,X,X,X,X,X,28,28,6962
States,Montana,2024,31,X,0.385274,X,X,X,X,X,X,27,28,7008
States,Montana,2024,32,X,0.504978,X,X,X,X,X,X,35,28,6931
States,Montana,2024,33,X,0.38059,X,X,X,X,X,X,20,27,5255
States,Montana,2024,34,X,0.635563,X,X,X,X,X,X,44,28,6923
States,Montana,2024,35,X,0.511995,X,X,X,X,X,X,35,28,6836
States,Montana,2024,36,X,0.526855,X,X,X,X,X,X,36,28,6833
States,Montana,2024,37,X,0.464266,X,X,X,X,X,X,33,28,7108
States,Montana,2024,38,X,0.750389,X,X,X,X,X,X,53,28,7063
